id,ms,x,y,z
0,1948,NaN,,
1,1963,NaN,,
2,1975,NaN,,
3,1991,0.34,0.21,12.13
4,2012,0.23,0.19,10.88
5,2028,0.38,0.19,9.75
6,2045,0.15,0.19,9.56
7,2061,0.1,0.17,9.67
8,2078,0.08,0.25,9.56
9,2094,0.25,0.29,9.22
10,2110,0.15,0.13,9.87
11,2127,0.15,0.19,9.25
12,2143,0.13,0.21,9.45
13,2160,0.13,0.13,9.71
14,2176,0.11,0.1,9.89
15,2193,0.08,0.06,9.62
16,2209,0.25,0.15,9.22
17,2225,0.23,0.15,9.25
18,2242,0.15,0.19,9.66
19,2262,-0.04,0.29,9.69
20,2279,0.17,0.17,9.79
21,2295,0.19,0.27,9.58
22,2312,0.11,0.23,9.29
23,2327,0.27,0.13,9.85
24,2344,0.06,0.15,10.02
25,2360,0.21,0.27,9.35
26,2376,0.1,0.31,9.2
27,2397,0.11,0.21,9.58
28,2413,0.17,0.19,9.18
29,2430,0.21,0.25,9.41
30,2446,0.15,0.23,9.58
31,2463,0.25,0.17,9.58
32,2479,0.27,0.1,9.31
33,2495,0.11,0.21,9.64
34,2512,0.15,0.17,9.67
35,2528,0.25,0.25,9.29
36,2545,-0.08,0.17,9.73
37,2561,0.17,0.15,9.48
38,2578,0.13,0.17,9.77
39,2598,0.1,0.17,9.73
40,2615,0.31,0.21,9.46
41,2631,0.1,0.15,9.69
42,2647,0.1,0.23,9.52
43,2664,-0.02,0.15,9.75
44,2680,0.15,0.25,9.43
45,2696,0.13,0.19,9.62
46,2712,0.11,0.17,9.75
47,2729,0.23,0.17,9.52
48,2745,0.21,0.17,9.66
49,2761,0.11,0.08,9.77
50,2778,0.13,0.17,9.85
51,2798,0.33,0.11,9.29
52,2815,0.25,0.27,9.66
53,2831,0.13,0.17,9.58
54,2848,0.15,0.17,9.98
55,2864,0.11,0.19,9.5
56,2880,0.17,0.23,9.85
57,2897,0.19,0.13,9.56
58,2913,-0.06,0.13,9.96
59,2930,0.11,0.13,9.64
60,2946,0.13,0.15,9.71
61,2963,0.13,0.19,9.56
62,2979,0.29,0.06,9.94
63,2999,0.02,0.15,9.69
64,3016,0.13,0.21,9.56
65,3032,0.23,0.15,9.96
66,3049,0.17,0.25,9.58
67,3071,0.1,0.21,9.25
68,3081,0.15,0.23,9.83
69,3097,0.31,0.19,9.89
70,3114,0.27,0.17,9.35
71,3130,0.15,0.21,9.56
72,3146,0.02,0.27,9.66
73,3163,0.08,0.23,9.33
74,3179,0.15,0.15,9.58
75,3196,0.31,0.17,9.48
76,3212,0.21,0.11,9.81
77,3229,0.13,0.15,9.54
78,3245,0.04,0.21,9.46
79,3265,0.19,0.27,9.33
80,3282,0.06,0.21,9.64
81,3298,0.15,0.17,9.48
82,3315,0.17,0.1,9.62
83,3331,0.17,0.23,9.62
84,3348,0.11,0.19,9.6
85,3364,-0.02,0.25,10.04
86,3385,0.08,0.11,10.0
87,3401,0.23,0.17,9.56
88,3417,0.13,0.17,9.83
89,3434,0.25,0.13,9.58
90,3449,0.08,0.27,9.73
91,3466,0.15,0.15,9.64
92,3482,0.13,0.08,9.62
93,3499,0.34,0.11,10.02
94,3519,0.04,0.13,9.67
95,3535,0.02,0.17,9.71
96,3552,0.21,0.19,9.27
97,3568,0.19,0.19,9.2
98,3585,0.13,0.15,9.54
99,3601,0.15,0.19,9.41
100,3618,0.25,0.13,9.5
101,3634,0.15,0.17,9.87
102,3651,-0.08,0.33,9.73
103,3667,0.06,0.21,9.31
104,3683,0.15,0.15,9.25
105,3704,0.13,0.13,10.02
106,3720,0.13,0.21,9.77
107,3737,0.1,0.1,9.29
108,3753,0.25,0.17,9.25
109,3770,0.13,0.19,9.52
110,3786,0.08,0.23,9.56
111,3803,0.13,0.23,9.6
112,3818,0.15,0.19,9.58
113,3834,-0.02,0.17,9.75
114,3855,0.17,0.19,9.67
115,3871,0.02,0.13,9.85
116,3888,0.1,0.21,9.52
117,3904,0.17,0.19,9.52
118,3921,0.11,0.19,9.79
119,3937,0.08,0.19,9.75
120,3953,0.15,0.21,9.54
121,3970,0.04,0.29,9.83
122,3986,0.17,0.25,9.43
123,4003,0.11,0.17,9.67
124,4019,0.15,0.1,9.64
125,4036,0.36,0.23,9.23
126,4052,0.1,0.15,9.9
127,4068,0.17,0.17,9.37
128,4085,0.29,0.1,9.75
129,4101,0.15,0.13,9.45
130,4122,0.13,0.19,9.64
131,4138,-0.1,0.27,9.71
132,4155,0.17,0.13,9.71
133,4171,0.06,0.15,9.58
134,4187,-0.15,0.23,9.2
135,4203,0.17,0.21,9.41
136,4219,0.11,0.19,9.58
137,4240,-0.08,0.25,10.02
138,4256,0.17,0.23,9.41
139,4273,0.15,0.17,9.56
140,4289,0.31,0.13,9.0
141,4306,0.02,0.15,9.89
142,4322,0.1,0.19,9.6
143,4338,0.33,0.19,9.33
144,4355,0.0,0.27,9.58
145,4371,0.13,0.19,9.39
146,4392,0.15,0.25,9.54
147,4408,0.13,0.15,9.69
148,4425,0.15,0.19,9.45
149,4441,0.17,0.21,9.56
150,4458,0.31,0.17,9.08
151,4474,0.15,0.21,9.67
152,4490,0.11,0.19,9.56
153,4507,0.0,0.23,9.73
154,4523,0.23,0.21,9.67
155,4540,0.11,0.19,9.9
156,4556,0.19,0.13,9.87
157,4572,0.13,0.13,9.43
158,4588,0.11,0.21,9.73
159,4604,0.13,0.21,9.5
160,4625,-0.02,0.15,9.98
161,4641,0.36,0.21,8.95
162,4658,0.13,0.29,9.22
163,4674,0.11,0.21,9.87
164,4691,0.25,0.13,9.46
165,4707,0.21,0.17,9.52
166,4723,0.13,0.19,9.77
167,4740,0.17,0.19,9.46
168,4756,0.23,0.08,9.87
169,4773,0.1,0.19,9.56
170,4789,0.11,0.19,9.66
171,4810,0.04,0.08,10.08
172,4826,0.21,0.31,9.33
173,4843,0.04,0.13,9.89
174,4859,0.13,0.17,9.85
175,4875,0.06,0.17,9.9
176,4892,0.08,0.23,9.75
177,4908,0.36,0.17,9.31
178,4925,0.11,0.19,9.62
179,4940,0.11,0.25,9.69
180,4957,0.13,0.21,9.62
181,4973,0.13,0.13,9.6
182,4989,0.1,0.11,9.9
183,5006,0.36,0.13,9.37
184,5022,0.15,0.19,9.73
185,5039,0.15,0.23,9.56
186,5059,0.08,0.17,9.54
187,5076,4.75,-8.18,9.83
188,5096,-9.5,-16.92,2.76
189,5113,13.85,4.89,10.9
190,5133,-0.79,3.41,4.62
191,5150,0.77,-13.91,-6.44
192,5170,7.32,5.8,-0.04
193,5187,-4.12,2.57,11.42
194,5207,17.57,-1.32,-8.83
195,5228,-2.07,-0.5,8.85
196,5244,-4.18,2.13,20.52
197,5265,2.89,-1.92,-10.06
198,5285,-4.54,4.54,18.7
199,5306,-12.61,-2.61,20.77
200,5325,-7.64,-6.17,13.09
201,5342,9.16,3.26,-9.41
202,5362,8.41,-1.69,-17.82
203,5383,-2.59,-2.89,12.59
204,5399,0.19,-3.39,7.47
205,5416,0.73,-3.41,9.06
206,5432,0.92,-3.45,9.18
207,5452,0.92,-3.12,8.58
208,5469,1.44,-2.89,9.23
209,5485,1.25,-2.45,8.87
210,5506,1.13,-1.97,8.95
211,5522,1.09,-1.21,9.12
212,5539,1.17,-0.67,9.1
213,5559,0.34,-1.49,11.69
214,5576,-0.23,-0.21,9.33
215,5596,-0.4,-0.33,9.79
216,5617,-0.44,-0.56,9.71
217,5633,-0.79,-1.05,9.22
218,5654,-1.02,-1.44,9.64
219,5670,-1.07,-1.53,9.46
220,5690,-0.77,-2.11,9.58
221,5706,-0.61,-2.07,8.99
222,5727,-0.56,-2.2,9.56
223,5747,-0.42,-1.97,9.5
224,5764,-0.19,-1.86,9.04
225,5784,-0.25,-1.59,9.43
226,5801,-0.19,-1.3,9.58
227,5821,-0.08,-0.96,9.62
228,5838,-0.04,-0.65,9.79
229,5858,1.07,-0.86,8.64
230,5874,1.0,-0.29,9.39
231,5891,1.15,-0.13,9.37
232,5911,1.11,-0.11,9.18
233,5928,1.17,-0.31,9.2
234,5944,0.57,0.0,9.39
235,5965,-0.11,-0.84,9.92
236,5981,-0.21,-1.34,9.6
237,6002,-0.17,-1.63,9.48
238,6018,-0.17,-1.57,9.37
239,6039,-0.17,-1.15,9.5
240,6058,-0.19,-0.92,9.66
241,6075,-0.15,-0.65,9.54
242,6095,-0.23,-0.44,9.58
243,6112,-0.42,-0.23,9.46
244,6132,-0.31,-0.19,9.62
245,6149,-0.27,0.11,9.62
246,6165,-0.31,0.71,9.22
247,6186,-0.33,0.88,9.37
248,6202,-0.33,0.73,9.37
249,6218,-0.36,0.36,9.62
250,6239,-0.31,-0.19,9.35
251,6259,-0.11,-0.57,9.18
252,6276,-0.29,-0.54,9.18
253,6296,-0.48,-0.27,9.43
254,6313,0.0,0.11,9.56
255,6329,-0.17,0.25,9.56
256,6350,-0.13,0.25,10.06
257,6366,-0.21,0.23,9.5
258,6383,-0.1,0.23,9.58
259,6403,-0.08,0.11,9.54
260,6420,-0.04,0.1,9.54
261,6435,-0.02,0.1,9.87
262,6452,0.02,0.11,9.54
263,6468,0.06,0.0,9.56
264,6488,0.1,-0.06,10.02
265,6505,0.15,0.0,9.39
266,6521,0.29,0.08,9.58
267,6538,0.77,-0.02,9.02
268,6554,0.79,0.31,9.0
269,6571,0.19,0.0,9.79
270,6591,0.15,0.04,9.66
271,6608,0.29,-0.02,9.52
272,6624,0.1,0.02,9.67
273,6640,0.04,0.1,9.31
274,6657,-0.08,0.27,9.64
275,6677,-0.06,0.31,9.81
276,6694,0.0,0.36,9.33
277,6710,0.0,0.63,9.43
278,6727,-0.08,0.88,9.48
279,6743,-0.06,1.0,9.46
280,6764,-0.08,1.09,9.9
281,6780,0.23,0.9,9.66
282,6796,-0.02,0.84,9.52
283,6812,-0.02,0.69,9.56
284,6832,-0.02,0.54,9.67
285,6849,-0.23,0.44,9.64
286,6865,-0.17,0.44,9.45
287,6886,-0.11,0.54,9.75
288,6902,-0.17,0.82,9.33
289,6919,-0.17,0.67,9.92
290,6939,-0.21,0.75,9.41
291,6956,-0.19,-0.38,9.58
292,6976,-0.13,-0.84,9.77
293,6993,0.0,2.59,9.41
294,7009,-0.02,2.66,9.71
295,7025,0.33,0.46,9.69
296,7042,0.27,0.46,9.27
297,7062,-0.21,0.84,9.43
298,7079,-0.15,0.17,9.62
299,7095,-0.48,1.36,9.58
300,7116,-0.77,1.28,9.81
301,7132,-0.84,1.95,9.58
302,7149,-0.52,1.23,10.15
303,7169,-0.33,0.86,9.43
304,7185,0.11,0.92,9.33
305,7201,0.75,0.54,9.46
306,7217,1.71,0.29,9.0
307,7234,0.36,0.65,9.64
308,7250,-0.9,0.71,9.79
309,7267,0.38,0.27,9.33
310,7287,0.5,-0.08,9.48
311,7304,0.5,0.06,9.27
312,7320,0.33,-0.17,9.62
313,7337,0.27,0.1,9.46
314,7353,0.29,0.56,9.12
315,7369,0.11,0.59,9.62
316,7386,0.31,0.96,9.48
317,7402,0.59,0.88,9.18
318,7419,0.38,1.07,9.27
319,7439,-0.61,1.23,9.87
320,7456,0.0,1.03,9.46
321,7472,0.73,0.96,9.31
322,7489,0.08,1.17,9.85
323,7505,0.25,1.03,9.58
324,7521,0.31,0.73,9.48
325,7538,0.4,0.71,9.39
326,7553,0.33,0.56,9.62
327,7570,0.27,0.57,9.54
328,7586,0.31,0.57,9.25
329,7603,0.38,0.33,9.69
330,7619,0.17,0.42,9.39
331,7635,0.29,0.63,9.66
332,7656,0.21,0.52,9.52
333,7672,0.1,0.56,9.6
334,7689,-0.1,1.03,9.54
335,7705,0.02,0.77,9.29
336,7722,0.23,0.67,9.46
337,7738,0.34,0.52,9.56
338,7754,0.4,0.56,9.67
339,7771,0.06,0.4,9.54
340,7791,-0.02,0.1,9.31
341,7808,0.57,0.06,9.79
342,7824,-0.02,-0.38,9.83
343,7841,0.25,0.13,9.6
344,7857,0.17,0.19,9.43
345,7874,0.13,0.06,9.31
346,7890,0.23,0.17,9.69
347,7906,0.33,0.31,9.46
348,7927,-0.1,0.19,9.96
349,7942,0.19,0.34,9.31
350,7959,0.27,0.84,9.71
351,7975,0.23,0.46,9.75
352,7992,0.08,0.04,9.67
353,8008,0.27,0.02,9.73
354,8025,0.19,0.15,9.54
355,8045,0.4,-0.13,9.48
356,8061,0.08,0.13,9.79
357,8078,-0.04,0.13,9.77
358,8094,0.11,0.19,9.5
359,8111,0.02,0.38,9.6
360,8127,0.15,0.13,9.66
361,8144,0.36,0.15,9.48
362,8161,0.17,0.02,9.77
363,8176,0.23,0.02,9.6
364,8197,0.13,0.15,10.04
365,8213,0.13,0.0,9.87
366,8230,0.27,0.11,9.41
367,8246,0.17,0.17,9.23
368,8263,0.17,0.27,9.52
369,8279,0.23,0.25,9.06
370,8296,0.15,0.21,9.43
371,8311,0.15,0.17,9.54
372,8332,-0.06,-0.08,9.81
373,8348,0.17,0.02,9.39
374,8364,0.21,0.19,9.66
375,8381,0.15,0.25,9.81
376,8397,0.19,0.4,9.56
377,8414,0.11,0.25,9.66
378,8430,0.17,-0.23,9.27
379,8451,0.27,-0.57,9.5
380,8467,0.25,-0.25,9.71
381,8484,0.36,-0.04,9.25
382,8500,0.15,-0.11,9.98
383,8520,0.1,0.15,9.56
384,8537,0.1,0.38,9.56
385,8553,0.15,0.19,9.96
386,8570,0.33,0.19,9.37
387,8586,0.13,0.15,9.31
388,8603,0.15,0.21,9.46
389,8619,0.27,-0.23,9.33
390,8635,0.08,-0.46,9.73
391,8656,0.44,-1.02,9.2
392,8672,0.36,-0.5,9.48
393,8688,0.27,-0.31,9.54
394,8704,0.1,0.0,9.64
395,8725,-0.1,0.36,9.67
396,8741,0.19,0.4,9.52
397,8758,0.23,0.75,9.39
398,8774,0.1,0.33,9.18
399,8791,0.19,0.08,9.67
400,8811,0.38,-0.08,10.0
401,8827,0.13,-0.23,9.33
402,8844,0.54,-0.19,9.25
403,8864,0.36,-0.11,9.58
404,8881,0.11,0.08,9.35
405,8897,0.13,0.04,9.56
406,8914,0.06,0.08,9.52
407,8930,0.23,0.21,9.27
408,8947,0.5,0.08,9.23
409,8963,0.1,0.06,9.66
410,8984,0.1,-0.13,10.06
411,9000,0.02,-0.08,9.23
412,9016,0.25,-0.27,9.85
413,9033,0.38,-0.34,9.22
414,9052,0.13,-0.5,9.23
415,9069,0.23,-0.34,9.31
416,9085,0.36,0.0,9.48
417,9102,0.19,0.15,9.39
418,9122,0.23,-0.31,9.98
419,9139,-0.08,-0.11,9.52
420,9155,0.19,-0.17,9.5
421,9176,0.19,-0.13,9.6
422,9192,0.17,-0.13,9.67
423,9208,0.21,-0.27,9.58
424,9229,0.08,-0.38,9.67
425,9245,0.31,-0.42,9.37
426,9262,0.25,-0.36,9.39
427,9282,0.19,-0.1,10.08
428,9299,0.15,-0.19,9.9
429,9319,0.23,-0.04,9.6
430,9336,0.1,-0.06,9.75
431,9352,0.25,-0.04,9.48
432,9369,0.19,0.17,9.46
433,9389,0.13,-0.19,9.45
434,9406,0.13,-0.5,9.39
435,9422,0.08,-0.54,9.2
436,9437,0.29,-0.54,9.18
437,9458,0.4,-0.61,9.71
438,9474,0.31,-0.17,9.5
439,9491,0.29,0.02,9.5
440,9507,0.27,0.08,9.39
441,9528,0.23,-0.17,9.54
442,9544,0.42,-0.33,10.0
443,9561,0.11,-0.21,9.66
444,9581,0.13,-0.34,9.89
445,9598,0.25,-0.4,9.45
446,9614,0.19,-0.42,9.66
447,9634,0.23,-0.21,9.64
448,9651,0.36,-0.11,9.66
449,9667,0.46,-0.33,9.33
450,9688,0.1,-0.25,9.39
451,9704,0.21,-0.29,9.52
452,9721,0.15,-0.36,9.62
453,9741,0.15,-0.61,9.48
454,9758,0.5,1.05,9.69
455,9774,0.25,-1.61,9.66
456,9795,-4.35,-0.54,10.73
457,9810,0.77,-1.63,8.3
458,9826,3.51,1.97,7.47
459,9847,-0.17,0.04,8.51
460,9863,2.68,1.05,8.89
461,9880,-0.94,3.93,18.55
462,9900,-3.37,0.54,10.52
463,9921,-0.33,-0.42,10.12
464,9937,2.43,-0.86,8.97
465,9958,-0.94,-0.88,10.02
466,9974,0.63,-0.94,9.0
467,9991,0.56,-0.61,9.33
468,10011,-0.15,-0.31,9.71
469,10028,0.65,0.21,9.31
470,10048,-0.1,-0.04,9.79
471,10065,0.36,0.0,9.71
472,10081,0.0,-0.15,9.79
473,10098,-0.08,-0.27,9.56
474,10118,0.36,-0.23,9.25
475,10135,0.0,-0.25,9.27
476,10151,0.42,-0.31,9.2
477,10170,0.27,-0.38,9.35
478,10187,0.13,-0.38,9.79
479,10203,0.48,-0.46,9.73
480,10224,0.11,-0.17,9.46
481,10240,0.25,-0.31,9.69
482,10257,0.17,-0.17,9.62
483,10277,0.15,-0.06,9.5
484,10294,0.21,-0.06,9.71
485,10310,0.19,-0.21,9.85
486,10331,0.36,-0.33,9.75
487,10347,0.29,-0.57,9.37
488,10364,0.36,-0.54,9.2
489,10384,0.29,-0.42,9.39
490,10400,0.21,-0.36,9.48
491,10417,0.21,-0.38,9.6
492,10433,0.23,-0.36,9.2
493,10454,0.15,-0.29,9.14
494,10470,0.19,-0.19,9.58
495,10487,0.15,-0.13,9.87
496,10507,0.42,-0.17,9.14
497,10524,0.31,-0.04,9.1
498,10540,0.19,-0.25,9.37
499,10560,0.06,-0.23,9.56
500,10576,0.06,-0.17,10.0
501,10597,0.36,-0.23,9.2
502,10613,0.29,-0.56,9.43
503,10629,0.0,-0.36,9.5
504,10650,0.29,-0.1,9.52
505,10666,0.34,-0.57,9.83
506,10683,0.13,-0.92,9.54
507,10699,0.1,-1.05,9.45
508,10720,0.36,-1.49,10.13
509,10740,-0.13,0.13,10.08
510,10757,0.88,0.04,9.08
511,10773,0.65,-1.26,9.33
512,10790,0.31,-0.21,9.98
513,10806,0.0,0.84,9.83
514,10827,-0.08,1.21,9.27
515,10843,0.21,1.67,8.99
516,10859,0.08,1.76,9.85
517,10876,0.04,1.63,10.06
518,10892,-0.02,0.84,9.2
519,10913,0.08,0.1,9.87
520,10928,0.1,0.36,9.81
521,10945,0.27,0.69,9.14
522,10961,-0.1,0.5,9.5
523,10978,0.02,0.36,9.62
524,10994,-0.02,0.23,9.85
525,11010,0.13,0.08,9.54
526,11031,0.46,-0.23,9.77
527,11047,1.09,-0.71,9.12
528,11064,0.21,-1.03,9.6
529,11084,0.19,-0.75,9.6
530,11101,-0.02,-0.56,9.54
531,11121,0.25,-0.19,9.41
532,11138,0.13,0.27,9.56
533,11154,0.04,0.4,9.56
534,11171,-0.02,0.48,9.6
535,11187,-0.02,0.5,9.66
536,11207,-0.21,0.29,9.35
537,11224,0.0,0.02,9.54
538,11240,0.5,-0.19,9.66
539,11257,0.79,-0.48,9.06
540,11277,0.33,-0.52,9.71
541,11293,0.08,-0.31,9.73
542,11309,0.13,-0.13,9.46
543,11330,0.02,-0.02,9.48
544,11346,-0.1,0.19,9.45
545,11363,0.15,0.29,9.48
546,11379,0.06,0.21,9.62
547,11395,0.08,0.13,9.52
548,11412,0.08,-0.1,9.75
549,11432,0.1,-0.15,9.62
550,11449,0.25,-0.52,9.71
551,11465,0.8,-0.21,9.22
552,11486,0.19,-0.25,9.77
553,11502,0.11,-0.17,9.52
554,11523,0.17,-0.06,10.04
555,11539,0.06,0.02,9.77
556,11556,0.08,0.13,9.31
557,11572,0.15,0.06,9.39
558,11588,0.04,0.1,9.35
559,11605,0.13,0.0,9.62
560,11621,0.19,-0.15,10.0
561,11642,0.11,-0.1,9.5
562,11658,0.79,-0.1,9.41
563,11674,0.46,-0.27,9.81
564,11694,0.13,-0.15,9.56
565,11711,0.23,-0.17,9.2
566,11727,0.1,-0.13,9.64
567,11748,0.13,-0.02,9.56
568,11764,0.08,0.02,9.6
569,11781,0.25,0.06,9.29
570,11797,0.06,0.02,9.81
571,11813,0.1,-0.02,9.62
572,11830,0.33,-0.04,9.37
573,11850,0.61,-0.11,9.29
574,11867,0.29,-0.17,9.62
575,11883,0.04,-0.15,9.62
576,11904,0.04,-0.06,9.48
577,11920,0.19,-0.06,9.33
578,11937,-0.04,0.0,9.62
579,11957,0.19,-0.04,9.62
580,11973,0.1,0.04,9.62
581,11990,0.38,0.04,9.92
582,12006,0.48,0.02,9.56
583,12023,0.11,-0.04,9.02
584,12042,0.13,-0.1,9.54
585,12059,0.13,-0.11,9.52
586,12075,0.21,-0.4,9.92
587,12092,1.25,-2.95,9.31
588,12112,0.94,-2.24,9.45
589,12129,0.1,-0.54,9.71
590,12145,-0.29,6.65,9.37
591,12166,-0.19,-0.06,9.64
592,12186,-1.38,-1.63,9.73
593,12202,-3.26,-0.57,9.5
594,12223,-2.38,-0.52,8.89
595,12239,-1.42,0.59,12.45
596,12260,0.06,1.3,10.38
597,12276,-0.08,0.65,10.52
598,12293,2.82,1.78,12.09
599,12313,0.27,0.8,13.7
600,12330,-0.38,1.78,9.64
601,12346,-0.54,0.94,8.79
602,12363,0.36,1.36,8.74
603,12383,1.07,1.65,13.56
604,12400,-0.52,2.26,9.75
605,12415,2.66,1.59,13.24
606,12436,0.31,2.15,10.75
607,12452,-1.82,0.44,10.98
608,12472,0.21,2.93,11.04
609,12489,0.52,1.13,10.29
610,12505,0.5,2.43,10.29
611,12522,0.21,0.69,9.67
612,12542,-1.11,0.15,9.29
613,12559,1.71,0.23,9.16
614,12575,-0.21,-0.25,8.2
615,12596,-0.44,0.52,8.76
616,12612,0.67,-0.04,7.7
617,12629,-0.04,1.65,11.3
618,12649,-0.71,1.11,8.95
619,12666,1.4,2.64,11.71
620,12682,2.03,1.34,10.08
621,12698,2.07,0.65,8.51
622,12719,1.63,0.77,8.45
623,12735,-0.92,2.36,10.08
624,12756,-1.28,1.05,10.1
625,12772,1.34,0.73,8.85
626,12788,1.34,1.19,9.29
627,12804,-1.03,1.02,9.89
628,12821,0.21,1.46,9.62
629,12837,0.94,1.32,8.77
630,12858,-0.71,1.38,9.89
631,12874,1.03,0.61,9.12
632,12890,0.34,1.02,9.31
633,12907,-0.02,0.82,10.04
634,12923,0.25,1.0,9.37
635,12944,-0.15,0.77,9.71
636,12960,0.63,0.96,9.1
637,12977,-0.06,1.11,9.83
638,12993,0.29,1.21,9.58
639,13010,0.0,1.15,10.17
640,13026,0.17,0.9,9.29
641,13046,0.29,0.84,9.39
642,13063,0.15,0.79,9.69
643,13079,0.27,0.57,9.48
644,13096,0.11,0.5,10.06
645,13112,0.1,0.54,9.35
646,13129,0.15,0.42,9.73
647,13145,0.17,0.63,9.58
648,13161,-0.06,0.56,9.33
649,13181,0.33,0.63,9.58
650,13197,0.42,0.48,9.67
651,13214,0.11,0.48,9.64
652,13230,0.19,0.65,9.58
653,13247,0.36,0.48,10.15
654,13263,0.33,0.63,9.14
655,13280,0.08,0.5,9.37
656,13296,0.15,-0.29,9.56
657,13316,0.33,0.02,9.67
658,13333,0.27,0.23,9.56
659,13349,0.33,-0.11,9.62
660,13366,0.27,0.27,9.08
661,13382,0.06,0.13,9.73
662,13399,0.17,0.57,9.12
663,13415,0.23,0.4,9.25
664,13432,0.31,0.52,9.39
665,13448,0.5,0.9,9.62
666,13464,0.15,0.56,9.5
667,13485,-0.06,0.48,9.64
668,13501,0.34,0.52,9.02
669,13518,0.15,0.67,9.73
670,13534,0.15,0.67,9.83
671,13550,0.23,0.57,9.41
672,13566,0.17,0.33,9.18
673,13582,0.29,0.27,9.62
674,13599,0.13,0.23,9.45
675,13615,0.0,0.04,10.04
676,13632,0.15,0.06,9.64
677,13652,0.1,0.29,9.6
678,13669,0.17,0.36,9.56
679,13685,0.27,0.54,9.29
680,13702,0.02,0.86,9.66
681,13718,0.17,0.92,9.16
682,13734,0.11,0.79,9.79
683,13751,0.27,0.94,9.22
684,13767,0.23,0.84,9.16
685,13784,0.04,0.23,9.6
686,13800,0.42,0.44,9.37
687,13817,0.06,0.63,9.43
688,13833,0.19,0.25,9.48
689,13849,0.34,0.44,9.69
690,13866,0.11,0.56,9.62
691,13882,0.19,0.59,9.6
692,13899,0.19,0.63,9.52
693,13918,0.25,0.44,9.35
694,13935,0.19,0.5,9.14
695,13951,0.08,0.56,9.85
696,13967,0.06,0.5,10.02
697,13984,0.33,0.5,9.12
698,14000,0.21,0.52,9.66
699,14017,0.23,0.31,9.67
700,14033,0.11,0.29,9.62
701,14050,0.25,0.33,9.98
702,14066,0.25,0.4,9.67
703,14083,0.17,0.42,9.58
704,14099,0.19,0.52,9.45
705,14119,0.31,0.48,9.56
706,14136,0.21,0.33,9.54
707,14152,0.17,0.33,9.83
708,14169,0.13,0.46,9.54
709,14185,0.17,0.4,9.31
710,14202,0.17,0.4,9.85
711,14218,0.34,0.4,9.48
712,14234,0.19,0.54,9.27
713,14251,0.1,0.46,9.41
714,14267,0.25,0.19,10.15
715,14284,0.34,0.13,9.83
716,14299,0.31,0.17,9.45
717,14320,0.11,0.29,8.95
718,14336,0.1,0.17,10.04
719,14353,0.21,0.25,9.85
720,14369,0.06,0.21,9.75
721,14385,0.17,0.33,9.39
722,14402,0.19,0.4,9.58
723,14418,0.08,0.38,9.66
724,14435,0.31,0.36,9.37
725,14451,0.21,0.13,9.58
726,14468,0.4,0.29,9.5
727,14484,0.27,0.23,9.5
728,14504,0.15,0.25,9.33
729,14521,0.21,0.15,9.67
730,14537,0.04,0.06,9.89
731,14554,0.17,0.13,9.5
732,14570,0.19,-0.04,9.75
733,14587,0.19,-0.06,9.64
734,14603,0.21,0.15,9.69
735,14619,0.21,0.48,9.87
736,14640,1.78,-1.61,16.42
737,14660,-9.33,10.59,4.37
738,14676,5.86,1.8,14.08
739,14692,2.34,-0.08,11.78
740,14713,2.39,1.36,9.5
741,14729,1.46,0.73,8.76
742,14746,0.57,0.92,9.96
743,14762,0.15,0.75,9.5
744,14779,-0.79,0.13,9.87
745,14799,-2.39,-0.23,10.31
746,14816,1.9,0.42,8.91
747,14832,-0.06,0.52,9.96
748,14853,-0.69,0.54,10.02
749,14869,1.26,0.42,9.0
750,14885,-0.33,0.1,9.6
751,14902,0.38,0.25,9.06
752,14918,0.56,0.21,9.5
753,14939,0.13,0.11,10.04
754,14955,0.44,0.36,9.35
755,14972,0.17,0.27,9.29
756,14988,0.08,0.25,9.73
757,15004,0.44,0.29,9.54
758,15021,0.04,0.25,9.96
759,15036,0.06,0.36,9.71
760,15053,0.17,0.27,9.5
761,15069,0.08,0.59,9.92
762,15086,0.11,0.08,9.75
763,15102,0.29,0.11,9.6
764,15119,0.08,0.23,9.85
765,15135,0.38,0.23,9.73
766,15151,0.13,0.27,9.83
767,15172,0.15,0.21,9.89
768,15188,0.38,0.33,9.31
769,15205,0.25,0.38,9.73
770,15221,0.13,0.36,9.67
771,15238,0.46,0.13,9.39
772,15254,0.02,0.27,9.83
773,15270,0.21,0.23,9.64
774,15287,0.02,0.08,9.75
775,15303,0.08,0.11,9.85
776,15320,0.23,0.08,9.58
777,15336,0.17,0.0,9.89
778,15353,0.36,0.1,9.39
779,15369,0.25,0.29,9.31
780,15385,0.11,0.11,9.62
781,15402,0.1,0.06,9.75
782,15417,0.11,0.1,9.5
783,15438,0.19,0.17,9.62
784,15454,0.1,0.25,9.69
785,15471,0.13,0.21,9.54
786,15487,0.19,0.17,9.64
787,15504,0.11,0.11,9.81
788,15520,0.17,0.34,9.02
789,15536,0.19,0.46,9.35
790,15553,0.25,0.19,9.2
791,15569,0.13,0.33,9.64
792,15586,0.11,0.02,9.67
793,15602,0.27,-0.17,9.64
794,15623,0.31,-0.1,9.64
795,15639,0.33,-0.17,9.67
796,15655,0.08,0.13,9.52
797,15672,0.11,0.29,9.64
798,15688,0.21,0.23,9.87
799,15709,-0.02,0.31,9.62
800,15725,0.15,0.11,9.58
801,15742,0.17,-0.04,9.75
802,15758,0.27,-0.06,9.69
803,15775,0.17,0.04,9.56
804,15794,0.25,-0.1,9.58
805,15811,0.17,-0.08,9.62
806,15827,0.42,-0.34,9.54
807,15848,0.4,-0.44,9.98
808,15864,0.11,-0.13,9.45
809,15880,0.48,-0.19,9.81
810,15901,0.13,-0.08,10.06
811,15917,0.38,-0.1,9.52
812,15934,0.17,-0.11,9.79
813,15954,0.31,-0.1,9.45
814,15971,0.38,-0.34,9.23
815,15987,0.04,-0.17,9.71
816,16008,0.21,-0.1,9.56
817,16024,0.29,-0.11,9.62
818,16041,0.17,-0.21,9.67
819,16061,0.17,-0.21,9.16
820,16077,0.0,-0.06,9.62
821,16094,0.29,-0.27,9.66
822,16114,0.23,-0.57,9.9
823,16131,0.11,0.15,9.35
824,16147,0.19,-0.13,9.52
825,16163,0.11,0.08,9.54
826,16179,0.23,0.21,9.75
827,16196,0.15,0.63,9.94
828,16212,0.04,0.08,9.87
829,16228,0.11,-0.44,9.79
830,16249,0.11,-0.92,9.71
831,16265,0.31,-1.3,9.18
832,16282,0.42,-1.23,9.46
833,16302,0.31,-1.32,9.77
834,16319,0.1,-1.19,9.58
835,16335,0.15,-0.79,9.75
836,16356,0.38,-0.34,9.58
837,16372,0.08,-0.25,9.83
838,16389,0.04,-0.08,9.54
839,16409,0.17,-0.04,9.64
840,16426,0.36,-0.13,9.98
841,16442,0.1,-0.08,9.25
842,16463,-0.1,-0.04,9.64
843,16479,0.29,-0.19,9.48
844,16495,0.27,-0.23,9.6
845,16516,0.0,-0.31,9.58
846,16531,0.11,-0.23,9.48
847,16548,0.29,-0.46,9.52
848,16568,0.08,-0.31,9.81
849,16585,0.11,-0.23,9.67
850,16601,0.29,-0.25,9.89
851,16622,0.15,-0.08,10.12
852,16638,0.29,0.06,9.56
853,16655,0.06,0.27,9.69
854,16671,0.27,0.11,9.33
855,16687,0.17,0.06,9.67
856,16708,0.23,-0.08,9.58
857,16724,0.29,-0.15,8.99
858,16741,0.27,-0.31,9.46
859,16757,0.19,-0.23,9.58
860,16778,0.29,-0.1,9.6
861,16794,0.19,-0.02,8.97
862,16811,0.15,-0.04,9.52
863,16831,0.25,-0.1,9.85
864,16848,0.29,0.0,9.6
865,16864,0.27,0.02,9.94
866,16880,0.38,0.0,9.22
867,16897,0.25,-0.11,9.46
868,16916,0.02,-0.04,9.58
869,16933,0.17,0.1,9.29
870,16949,0.15,0.11,9.52
871,16966,0.13,0.04,9.67
872,16982,-0.02,-0.02,9.66
873,16999,0.11,0.02,9.45
874,17019,0.27,-0.04,9.58
875,17035,0.27,0.29,9.45
876,17052,0.31,0.13,9.6
877,17068,0.17,0.27,9.62
878,17085,0.29,0.17,9.22
879,17101,0.08,0.23,9.58
880,17118,0.13,0.06,9.66
881,17134,0.02,0.13,9.81
882,17150,0.06,0.19,9.64
883,17167,0.06,1.76,9.73
884,17187,0.04,1.8,10.02
885,17204,0.06,-3.01,9.5
886,17220,1.0,-1.8,9.04
887,17237,0.67,0.25,9.22
888,17257,0.0,-0.82,10.02
889,17274,-0.27,-0.25,9.75
890,17289,0.29,0.65,9.37
891,17310,0.36,0.48,9.71
892,17326,0.56,-0.11,9.43
893,17343,0.08,-0.15,9.73
894,17359,0.02,0.56,9.29
895,17375,0.19,0.73,9.62
896,17392,0.34,0.31,9.71
897,17408,0.25,0.0,9.54
898,17425,0.23,0.1,9.73
899,17445,0.13,0.34,9.73
900,17462,0.1,0.19,9.75
901,17478,0.1,0.29,9.64
902,17494,0.23,0.52,9.35
903,17511,0.02,0.46,9.79
904,17527,0.13,0.27,10.25
905,17544,0.19,0.04,9.5
906,17560,0.23,0.0,9.54
907,17581,0.1,-0.17,9.66
908,17597,0.19,-0.04,9.25
909,17614,0.15,-0.02,9.56
910,17630,0.17,0.17,9.6
911,17646,0.25,0.11,9.23
912,17666,0.36,-0.08,9.41
913,17682,0.23,-0.06,9.62
914,17699,0.13,-0.13,9.81
915,17719,0.17,-0.25,9.94
916,17736,0.27,0.0,9.48
917,17752,0.1,0.06,9.62
918,17769,0.13,0.15,9.87
919,17785,0.1,0.08,9.73
920,17801,0.0,-0.04,9.75
921,17818,0.34,-0.04,9.06
922,17838,0.06,-0.04,9.87
923,17855,0.23,-0.13,9.71
924,17871,0.27,-0.23,9.6
925,17892,0.13,-0.15,9.58
926,17908,-0.04,-0.04,9.83
927,17925,0.1,0.17,9.83
928,17941,0.1,0.1,9.56
929,17962,0.19,-0.15,9.75
930,17978,0.36,-0.23,9.73
931,17995,0.23,-0.15,9.62
932,18015,0.34,-0.11,9.66
933,18030,0.17,-0.06,9.54
934,18047,0.27,-0.13,9.39
935,18063,0.13,0.02,9.46
936,18084,0.13,-0.06,9.73
937,18100,0.21,0.02,9.37
938,18117,0.33,-0.1,9.66
939,18133,0.15,0.0,9.5
940,18150,0.25,-0.02,9.94
941,18170,0.19,-0.1,9.77
942,18187,0.21,-0.13,9.69
943,18203,0.25,-0.04,9.54
944,18223,0.33,-0.1,9.29
945,18240,0.11,-0.02,9.69
946,18256,0.25,-0.04,9.45
947,18277,0.17,-0.04,9.6
948,18293,0.15,-0.02,9.98
949,18310,0.21,-0.1,9.75
950,18326,0.15,0.02,9.43
951,18347,0.17,-0.1,9.73
952,18363,0.25,-0.06,9.9
953,18380,0.04,-0.04,9.66
954,18399,0.17,-0.02,9.5
955,18415,0.13,0.04,9.67
956,18432,0.19,0.1,9.25
957,18448,0.15,0.1,9.81
958,18465,0.19,0.1,9.85
959,18481,0.5,-0.02,9.25
960,18502,0.21,-0.15,9.37
961,18518,0.38,-0.1,9.83
962,18535,0.08,-0.04,9.67
963,18551,0.23,-0.04,9.87
964,18572,0.11,0.04,9.69
965,18588,0.27,0.06,9.5
966,18604,0.11,0.1,9.56
967,18621,0.08,0.08,9.58
968,18637,0.0,0.04,9.92
969,18654,0.38,-0.02,9.87
970,18670,0.13,0.06,9.45
971,18687,0.17,0.06,9.58
972,18703,0.27,0.04,9.33
973,18719,0.4,0.0,9.58
974,18736,0.08,0.0,9.81
975,18752,0.1,0.04,9.66
976,18772,-0.02,0.11,9.25
977,18788,-0.02,0.17,9.39
978,18805,0.1,0.08,9.58
979,18821,0.19,0.08,9.75
980,18842,0.4,-0.06,9.73
981,18858,0.29,0.1,9.35
982,18874,0.13,0.04,9.64
983,18891,0.29,0.13,9.25
984,18907,0.15,0.15,9.48
985,18924,0.19,0.06,9.1
986,18940,0.13,0.0,9.77
987,18957,0.04,0.11,9.96
988,18973,0.25,0.04,9.6
989,18993,4.31,-4.77,15.67
990,19010,8.35,1.0,-1.63
991,19026,-5.82,1.13,12.49
992,19047,-5.71,1.4,10.59
993,19063,-0.79,1.25,8.43
994,19084,-0.02,1.19,7.95
995,19100,-0.15,0.88,9.2
996,19117,-0.06,0.56,9.45
997,19133,1.03,0.23,8.37
998,19149,1.42,0.29,8.54
999,19169,1.36,-0.06,8.93
1000,19186,1.51,-0.52,8.74
1001,19202,1.19,-0.88,9.64
1002,19223,1.23,-0.94,9.1
1003,19239,1.05,-0.71,9.16
1004,19260,0.36,-0.5,10.42
1005,19276,0.08,-0.21,9.66
1006,19292,0.0,0.25,9.04
1007,19309,-0.27,0.57,9.71
1008,19329,-0.86,0.52,8.49
1009,19346,-1.3,0.75,8.85
1010,19362,-1.38,0.75,9.54
1011,19383,-0.94,0.86,9.6
1012,19399,-0.4,0.73,9.69
1013,19416,-0.23,0.48,9.35
1014,19436,-0.52,0.15,9.75
1015,19452,-0.06,-0.11,9.94
1016,19473,-0.02,-0.21,9.35
1017,19489,0.25,0.06,10.1
1018,19506,1.11,0.19,9.66
1019,19521,1.15,0.19,8.99
1020,19538,1.23,0.15,9.25
1021,19554,1.13,0.0,9.48
1022,19571,0.8,0.08,9.64
1023,19591,-0.25,-0.63,9.54
1024,19608,-0.04,-0.54,9.14
1025,19628,-0.02,-0.34,9.6
1026,19645,-0.13,0.15,9.45
1027,19665,-0.23,0.44,9.37
1028,19681,-0.33,0.75,9.79
1029,19698,-0.19,0.79,9.31
1030,19718,-0.27,0.8,9.6
1031,19735,-0.33,0.61,9.33
1032,19751,-0.52,0.59,9.46
1033,19772,-0.42,0.23,9.85
1034,19788,-0.33,0.17,9.9
1035,19805,-0.31,0.19,9.71
1036,19821,-0.08,0.1,9.23
1037,19842,-0.27,0.04,9.81
1038,19858,-0.23,0.06,9.67
1039,19875,-0.15,0.19,9.6
1040,19894,-0.13,0.34,9.23
1041,19910,-0.02,0.36,9.66
1042,19927,0.1,0.38,9.62
1043,19943,0.06,0.44,9.6
1044,19960,0.57,0.67,9.16
1045,19976,0.86,0.46,9.23
1046,19993,1.07,0.31,9.45
1047,20009,1.03,0.15,9.06
1048,20025,0.5,0.11,9.6
1049,20046,0.06,-0.31,9.94
1050,20062,0.06,-0.42,9.69
1051,20083,-0.02,-0.19,9.62
1052,20099,-0.11,0.0,9.71
1053,20120,-0.1,0.25,10.17
1054,20136,-0.02,0.65,9.33
1055,20153,-0.04,0.67,9.04
1056,20173,-0.11,0.71,9.71
1057,20190,-0.13,0.69,9.62
1058,20206,-0.11,0.69,9.27
1059,20223,-0.15,0.54,9.58
1060,20243,-0.21,0.5,9.46
1061,20260,-0.02,0.4,9.37
1062,20275,-0.15,1.49,9.92
1063,20295,-0.15,1.57,9.12
1064,20312,-0.19,-1.34,9.62
1065,20332,0.04,-0.61,9.64
1066,20349,0.54,-0.59,9.45
1067,20365,0.92,-1.44,9.02
1068,20382,0.61,0.04,9.77
1069,20398,0.77,1.03,9.31
1070,20415,0.31,0.96,9.52
1071,20435,-0.06,0.06,9.94
1072,20452,-0.15,1.28,10.02
1073,20468,0.27,1.71,9.46
1074,20484,0.42,0.84,9.12
1075,20505,0.21,0.34,9.56
1076,20521,-0.21,0.77,10.0
1077,20538,0.23,1.13,9.52
1078,20554,0.73,1.46,8.95
1079,20575,-0.06,2.3,9.9
1080,20591,0.15,2.32,9.64
1081,20608,0.02,1.46,9.62
1082,20624,-0.08,0.94,9.69
1083,20640,0.36,0.5,9.48
1084,20656,0.31,0.42,9.14
1085,20672,0.1,0.61,9.5
1086,20689,0.27,0.77,9.22
1087,20705,0.31,0.9,9.27
1088,20722,0.02,1.0,9.83
1089,20738,0.11,1.03,9.73
1090,20754,0.13,0.71,9.62
1091,20775,0.17,0.88,9.39
1092,20791,0.23,0.75,9.58
1093,20808,0.17,0.54,9.45
1094,20824,0.25,0.63,9.33
1095,20841,0.29,0.94,9.56
1096,20857,0.19,1.02,9.56
1097,20874,0.13,0.59,9.75
1098,20890,0.23,0.46,9.56
1099,20906,0.21,0.71,9.14
1100,20923,0.23,0.54,9.6
1101,20939,0.19,0.61,9.35
1102,20956,0.04,0.5,9.71
1103,20972,0.17,0.67,9.62
1104,20993,-0.02,0.8,10.04
1105,21009,0.17,1.02,9.87
1106,21024,0.29,0.23,9.85
1107,21041,-0.1,0.42,9.87
1108,21057,0.21,0.04,9.35
1109,21078,-6.8,-2.11,14.6
1110,21098,-6.71,2.22,10.71
1111,21115,-2.87,1.67,11.0
1112,21135,-0.25,1.17,9.83
1113,21152,6.03,1.03,6.8
1114,21168,3.01,0.38,7.53
1115,21185,-2.09,2.45,10.63
1116,21205,-1.9,1.02,11.13
1117,21222,1.74,0.69,8.87
1118,21238,0.96,-0.15,9.41
1119,21255,1.19,0.06,9.5
1120,21271,0.8,0.4,9.31
1121,21291,-1.4,0.4,10.25
1122,21308,0.59,0.8,9.41
1123,21324,0.96,0.84,8.99
1124,21341,-0.69,0.61,9.94
1125,21357,1.0,0.82,8.76
1126,21378,0.1,0.75,9.67
1127,21393,0.33,0.46,9.69
1128,21410,0.65,0.33,9.37
1129,21426,0.11,0.33,9.62
1130,21442,0.31,0.4,9.48
1131,21459,0.42,0.31,9.67
1132,21475,0.27,0.36,9.14
1133,21492,0.34,0.15,9.5
1134,21508,0.17,0.4,9.46
1135,21525,0.13,0.69,9.41
1136,21541,0.25,0.59,9.6
1137,21557,0.29,0.77,9.92
1138,21574,0.25,0.44,9.67
1139,21590,0.27,0.5,9.52
1140,21607,0.25,0.27,9.67
1141,21623,0.17,0.42,9.62
1142,21644,0.17,0.36,9.29
1143,21660,0.15,0.42,9.54
1144,21676,0.23,0.54,9.54
1145,21693,0.17,0.67,9.58
1146,21709,0.33,0.56,9.6
1147,21726,0.38,0.25,9.71
1148,21742,0.27,0.4,9.83
1149,21759,0.17,0.44,9.45
1150,21774,0.04,0.69,9.85
1151,21790,0.1,0.69,10.06
1152,21807,0.13,0.54,9.79
1153,21823,0.23,0.5,9.39
1154,21844,0.15,0.56,9.54
1155,21860,0.11,0.27,9.56
1156,21877,0.29,0.46,9.79
1157,21893,0.21,0.56,9.66
1158,21910,0.31,0.57,9.23
1159,21926,0.29,0.75,9.37
1160,21942,0.19,0.48,9.52
1161,21959,0.4,0.57,8.91
1162,21975,0.11,0.52,9.92
1163,21992,0.17,0.57,9.46
1164,22008,0.1,0.59,9.6
1165,22029,0.27,0.63,10.02
1166,22045,-0.06,0.86,9.5
1167,22062,0.15,0.69,9.81
1168,22078,0.33,0.52,9.83
1169,22094,0.23,0.86,9.69
1170,22111,0.15,0.88,9.27
1171,22127,0.04,0.67,9.73
1172,22143,0.56,0.65,9.12
1173,22159,0.31,0.67,9.52
1174,22176,0.46,0.38,9.06
1175,22192,0.42,0.52,9.16
1176,22208,0.23,0.56,9.58
1177,22229,0.15,0.4,9.75
1178,22245,0.08,0.48,9.56
1179,22262,0.23,0.56,9.6
1180,22278,0.25,0.59,9.46
1181,22295,0.42,0.71,9.31
1182,22311,0.25,0.65,9.25
1183,22327,0.1,0.52,9.71
1184,22344,0.36,0.44,9.06
1185,22360,0.25,0.31,9.6
1186,22377,0.25,0.42,9.62
1187,22393,0.42,0.34,9.81
1188,22410,0.25,0.57,9.52
1189,22426,0.21,0.52,9.58
1190,22442,0.13,0.63,9.56
1191,22459,0.21,0.65,9.56
1192,22475,0.21,0.52,9.43
1193,22496,0.31,0.54,9.31
1194,22512,0.38,0.48,9.41
1195,22528,0.33,0.52,9.64
1196,22544,0.27,0.52,9.69
1197,22561,0.46,0.29,9.64
1198,22577,0.1,0.38,9.96
1199,22593,0.23,0.59,9.58
1200,22610,0.25,0.69,9.2
1201,22626,0.15,0.34,9.75
1202,22643,0.23,0.27,9.6
1203,22659,0.27,0.4,9.69
1204,22676,0.29,0.23,9.66
1205,22692,0.23,0.23,9.45
1206,22708,0.29,0.38,9.39
1207,22725,0.42,0.36,9.41
1208,22741,0.13,0.44,9.89
1209,22762,0.19,0.52,9.43
1210,22778,0.06,0.71,8.99
1211,22795,0.42,0.44,9.39
1212,22811,0.19,0.4,9.56
1213,22827,0.31,0.44,9.14
1214,22844,0.1,0.34,9.46
1215,22860,0.34,0.34,9.64
1216,22877,0.29,0.42,9.54
1217,22892,0.19,0.48,9.69
1218,22909,0.54,0.46,9.45
1219,22925,0.17,0.5,9.67
1220,22942,0.13,0.59,9.56
1221,22958,0.04,0.56,9.48
1222,22974,0.19,0.48,9.56
1223,22991,0.31,0.5,9.41
1224,23007,0.15,0.36,9.6
1225,23028,0.19,0.36,9.87
1226,23044,0.13,0.38,9.71
1227,23061,0.04,0.59,9.64
1228,23077,0.19,0.46,9.6
1229,23093,0.27,0.42,9.35
1230,23110,0.29,0.4,9.35
1231,23126,0.33,0.42,9.37
1232,23143,0.27,0.36,9.58
1233,23159,0.5,0.4,9.18
1234,23176,0.29,0.52,9.52
1235,23192,0.19,0.46,9.6
1236,23208,0.33,0.4,9.48
1237,23225,0.29,0.57,9.66
1238,23241,0.19,0.4,9.45
1239,23258,0.44,0.46,9.54
1240,23273,0.17,0.56,9.81
1241,23294,0.04,0.56,9.58
1242,23310,0.33,0.48,9.79
1243,23326,0.33,0.65,9.14
1244,23343,0.13,0.54,9.45
1245,23359,0.23,0.54,9.54
1246,23376,0.21,0.44,9.54
1247,23392,0.17,0.46,9.71
1248,23409,0.13,0.48,9.23
1249,23425,0.17,0.52,9.35
1250,23442,0.27,0.57,9.52
1251,23458,0.19,0.54,9.81
1252,23474,0.25,0.59,9.5
1253,23491,0.17,0.69,9.18
1254,23507,0.15,0.36,9.58
1255,23528,4.14,-4.81,-17.34
1256,23548,-6.0,-0.82,10.71
1257,23565,-2.57,0.31,9.89
1258,23585,-0.92,1.28,10.15
1259,23602,3.3,0.38,8.58
1260,23618,3.91,0.98,7.57
1261,23638,-1.59,-0.08,10.58
1262,23654,-2.22,1.11,10.59
1263,23671,2.16,0.71,8.58
1264,23691,1.15,-0.34,9.69
1265,23707,-0.11,-0.21,9.92
1266,23728,-0.42,0.57,9.69
1267,23744,1.19,0.65,9.43
1268,23761,-0.23,0.57,10.06
1269,23777,0.02,0.65,9.64
1270,23794,0.38,0.75,9.39
1271,23810,0.04,0.5,9.83
1272,23831,0.29,0.5,9.23
1273,23847,0.19,0.61,9.54
1274,23863,0.04,0.36,9.52
1275,23880,0.38,0.33,9.31
1276,23896,0.33,0.42,9.56
1277,23913,0.25,0.19,9.56
1278,23929,0.11,0.56,9.62
1279,23946,0.27,0.34,9.62
1280,23962,0.33,0.31,9.6
1281,23979,0.15,0.42,9.85
1282,23995,0.17,0.65,9.77
1283,24010,0.19,0.69,9.56
1284,24027,0.08,0.59,9.96
1285,24043,0.38,0.56,9.23
1286,24060,0.19,0.34,9.66
1287,24076,0.15,0.44,9.27
1288,24097,0.48,0.36,9.6
1289,24113,0.19,0.4,9.6
1290,24129,0.23,0.46,9.5
1291,24146,0.19,0.54,9.62
1292,24162,0.17,0.42,9.98
1293,24179,0.11,0.48,9.5
1294,24195,0.27,0.54,9.6
1295,24212,0.44,0.54,9.62
1296,24228,0.23,0.44,9.69
1297,24244,0.08,0.34,9.83
1298,24261,0.36,0.56,9.77
1299,24277,0.25,0.48,9.56
1300,24294,0.5,0.23,9.22
1301,24310,0.31,0.42,9.52
1302,24327,0.17,0.48,9.66
1303,24343,0.11,0.4,9.92
1304,24364,0.33,0.46,9.75
1305,24380,0.15,0.54,9.87
1306,24395,0.1,0.48,9.71
1307,24412,0.29,0.56,9.48
1308,24428,0.08,0.4,9.75
1309,24445,0.27,0.59,9.6
1310,24461,0.13,0.54,9.06
1311,24478,0.13,0.56,9.66
1312,24494,0.19,0.56,9.58
1313,24510,0.13,0.46,9.9
1314,24527,0.33,0.48,9.5
1315,24543,0.17,0.5,9.69
1316,24560,0.06,0.46,9.73
1317,24576,0.19,0.48,9.29
1318,24593,0.29,0.36,9.27
1319,24609,0.19,0.44,9.6
1320,24629,0.33,0.59,9.08
1321,24646,0.08,0.54,9.67
1322,24662,0.21,0.46,9.62
1323,24679,0.13,0.63,9.6
1324,24695,0.17,0.44,9.6
1325,24712,0.19,0.42,9.48
1326,24728,0.21,0.57,9.37
1327,24744,0.21,0.52,9.56
1328,24760,0.23,0.4,9.77
1329,24776,0.27,0.34,9.54
1330,24793,0.17,0.42,9.73
1331,24809,0.1,0.44,9.45
1332,24826,0.19,0.4,9.6
1333,24842,0.27,0.65,9.14
1334,24859,0.08,0.48,9.73
1335,24875,0.27,0.48,9.02
1336,24895,0.0,0.57,9.83
1337,24912,0.31,0.27,9.6
1338,24928,0.21,0.33,9.58
1339,24945,0.13,0.46,9.71
1340,24961,0.36,0.25,10.1
1341,24978,0.11,0.36,9.77
1342,24994,0.15,0.57,9.56
1343,25010,0.17,0.46,9.6
1344,25027,0.29,0.79,9.58
1345,25043,0.27,0.4,9.37
1346,25064,0.34,-0.21,9.75
1347,25080,0.31,0.04,9.58
1348,25097,0.04,0.27,9.66
1349,25113,-0.06,0.71,10.04
1350,25130,0.19,0.4,9.43
1351,25145,0.21,0.25,9.43
1352,25165,0.27,0.06,9.79
1353,25182,0.06,0.13,10.08
1354,25198,0.1,0.31,9.37
1355,25215,0.17,0.48,9.27
1356,25231,0.19,0.31,9.69
1357,25248,0.13,0.06,10.0
1358,25264,0.21,0.33,9.52
1359,25281,0.1,0.25,9.54
1360,25301,0.19,0.27,9.54
1361,25317,0.42,0.23,9.48
1362,25334,0.1,0.34,9.64
1363,25350,0.17,0.29,9.54
1364,25367,0.25,0.44,9.27
1365,25383,0.15,0.38,9.69
1366,25400,0.15,0.36,9.58
1367,25416,0.21,0.44,9.52
1368,25432,0.36,0.34,9.43
1369,25449,0.17,0.52,9.58
1370,25465,0.23,0.34,9.46
1371,25482,0.02,0.46,9.6
1372,25498,0.06,0.46,9.81
1373,25514,0.23,0.46,9.56
1374,25530,0.23,0.31,9.92
1375,25546,0.11,0.52,9.25
1376,25567,0.21,0.46,9.56
1377,25583,0.34,0.34,9.54
1378,25600,0.33,0.52,9.41
1379,25616,0.17,0.65,9.5
1380,25633,0.19,0.31,9.45
1381,25649,-0.02,0.63,9.92
1382,25666,0.06,0.36,9.79
1383,25682,0.11,0.34,9.96
1384,25698,0.23,0.31,9.6
1385,25715,0.17,0.13,9.9
1386,25731,0.19,0.25,9.41
1387,25748,0.19,0.25,9.92
1388,25768,0.17,0.34,9.58
1389,25785,0.27,0.33,9.45
1390,25801,0.19,0.27,9.67
1391,25817,0.19,0.5,9.62
1392,25834,-0.02,0.52,9.75
1393,25850,0.06,0.4,9.66
1394,25867,0.33,0.44,9.35
1395,25882,0.19,0.34,9.46
1396,25903,0.73,-2.82,2.61
1397,25919,-6.88,1.61,5.52
1398,25936,-4.85,0.67,10.42
1399,25956,-1.09,0.71,9.66
1400,25973,-0.08,0.86,10.04
1401,25989,0.75,0.61,9.22
1402,26005,4.67,1.13,7.11
1403,26026,1.11,0.63,10.58
1404,26042,-2.09,0.02,10.54
1405,26063,0.84,0.86,10.35
1406,26079,1.76,0.71,8.81
1407,26096,1.02,-0.02,8.81
1408,26112,0.13,-0.04,9.41
1409,26133,-0.77,0.04,10.19
1410,26149,1.3,0.44,9.1
1411,26166,-0.04,0.73,9.25
1412,26182,0.1,0.57,9.27
1413,26198,0.67,0.8,9.25
1414,26219,-0.1,0.27,10.0
1415,26235,0.31,0.46,9.87
1416,26252,0.17,0.33,9.54
1417,26267,0.08,0.31,9.6
1418,26284,0.46,0.33,9.33
1419,26300,0.17,0.34,9.62
1420,26316,0.17,0.57,9.04
1421,26333,0.33,0.38,9.6
1422,26349,0.04,0.52,9.83
1423,26370,0.15,0.5,9.62
1424,26386,0.15,0.33,9.64
1425,26403,0.54,0.21,9.92
1426,26419,0.02,0.52,9.45
1427,26436,0.15,0.33,9.6
1428,26452,0.15,0.44,9.89
1429,26468,0.13,0.46,9.71
1430,26485,0.19,0.42,9.92
1431,26501,0.27,0.38,9.6
1432,26518,0.17,0.36,9.5
1433,26534,0.19,0.44,9.77
1434,26551,0.23,0.46,9.45
1435,26567,0.13,0.61,9.14
1436,26583,0.4,0.25,9.69
1437,26600,0.19,0.4,9.6
1438,26616,0.21,0.56,9.39
1439,26636,0.17,0.54,9.31
1440,26652,0.19,0.42,9.27
1441,26669,0.11,0.36,9.92
1442,26685,0.33,0.48,9.48
1443,26702,0.15,0.33,9.69
1444,26718,0.21,0.46,9.73
1445,26734,0.29,0.57,9.69
1446,26751,0.1,0.46,9.85
1447,26767,0.25,0.5,9.6
1448,26784,0.15,0.5,9.69
1449,26800,0.11,0.67,9.79
1450,26817,0.11,0.86,9.66
1451,26833,0.19,0.61,9.43
1452,26849,0.17,0.75,9.37
1453,26866,0.34,0.61,9.66
1454,26882,0.19,0.29,9.85
1455,26903,0.23,0.44,9.5
1456,26919,0.52,0.25,9.23
1457,26936,0.27,0.31,9.43
1458,26952,0.02,0.86,9.43
1459,26968,0.08,0.69,9.69
1460,26985,0.25,0.54,9.54
1461,27000,0.25,0.5,9.48
1462,27017,0.11,0.59,9.43
1463,27033,0.25,0.48,9.83
1464,27050,0.33,0.34,9.46
1465,27066,0.36,0.33,9.2
1466,27083,0.23,0.31,9.37
1467,27099,0.19,0.34,9.87
1468,27115,0.34,0.42,9.66
1469,27132,0.15,0.54,9.46
1470,27148,0.29,0.42,9.64
1471,27169,0.4,0.38,10.08
1472,27185,0.36,0.5,9.85
1473,27202,0.23,0.63,9.73
1474,27218,0.21,0.8,9.39
1475,27234,0.23,0.52,9.58
1476,27251,0.36,0.44,9.27
1477,27267,0.33,0.52,9.52
1478,27284,0.19,0.38,9.73
1479,27300,0.1,0.48,9.79
1480,27317,0.34,0.38,9.56
1481,27333,0.19,0.5,9.58
1482,27349,0.29,0.59,9.66
1483,27370,0.42,0.57,9.43
1484,27385,0.17,0.59,9.6
1485,27402,0.21,0.56,9.9
1486,27418,0.38,0.63,9.69
1487,27435,0.17,0.5,9.54
1488,27451,0.21,0.65,9.92
1489,27467,0.33,0.63,9.23
1490,27484,0.15,0.48,9.83
1491,27500,0.15,0.59,9.54
1492,27517,0.08,0.71,9.5
1493,27533,0.1,0.52,9.87
1494,27550,0.15,0.42,9.64
1495,27566,0.02,0.48,9.48
1496,27582,0.4,0.34,9.81
1497,27599,0.19,0.86,9.45
1498,27615,0.17,0.52,9.45
1499,27636,0.11,0.59,9.64
1500,27652,0.52,0.48,9.41
1501,27669,0.21,0.54,9.5
1502,27685,0.27,0.48,9.71
1503,27702,0.21,0.56,9.52
1504,27718,0.23,0.46,9.56
1505,27734,0.15,0.54,9.43
1506,27750,0.15,0.5,10.04
1507,27766,0.21,0.57,9.56
1508,27783,0.21,0.48,9.85
1509,27799,0.25,0.71,9.46
1510,27816,0.25,0.69,9.25
1511,27836,0.25,0.48,9.43
1512,27853,0.17,0.57,9.66
1513,27869,0.42,0.63,9.56
1514,27885,0.21,0.44,9.52
1515,27902,0.21,0.52,9.29
1516,27918,0.27,0.57,9.85
1517,27935,0.21,0.48,9.6
1518,27951,0.23,0.31,9.83
1519,27968,0.15,0.65,9.54
1520,27984,0.17,0.59,9.27
1521,28000,0.04,0.52,9.83
1522,28017,0.17,0.52,9.54
1523,28037,0.15,0.44,10.13
1524,28054,0.31,0.46,9.12
1525,28070,0.23,0.5,9.46
1526,28087,0.15,0.52,9.22
1527,28103,0.19,0.54,9.79
1528,28119,0.11,0.52,9.5
1529,28135,0.19,0.52,9.31
1530,28151,0.29,0.57,9.75
1531,28168,0.19,0.79,9.35
1532,28184,0.33,0.5,9.81
1533,28201,0.25,0.48,9.56
1534,28217,0.08,0.46,10.04
1535,28238,0.15,0.52,9.75
1536,28254,0.17,0.44,9.5
1537,28270,0.25,0.59,9.43
1538,28287,0.25,0.46,9.85
1539,28303,0.29,0.57,9.27
1540,28320,0.19,0.65,9.52
1541,28336,0.21,0.61,9.58
1542,28353,0.19,0.57,9.89
1543,28369,0.08,0.5,9.6
1544,28385,0.27,0.54,9.37
1545,28402,0.19,0.56,9.87
1546,28418,0.34,0.46,9.81
1547,28435,0.19,0.59,9.5
1548,28451,0.29,0.61,9.69
1549,28468,0.23,0.71,9.66
1550,28484,0.33,0.69,9.29
1551,28503,0.23,0.54,9.52
1552,28520,0.02,0.46,9.66
1553,28536,0.1,0.44,9.73
1554,28553,0.19,0.59,9.25
1555,28569,0.19,0.5,9.66
1556,28586,0.19,0.44,9.64
1557,28602,0.21,0.56,9.9
1558,28619,0.19,0.56,9.62
1559,28635,0.02,0.67,9.89
1560,28651,0.13,0.57,9.41
1561,28668,0.23,0.5,9.56
1562,28684,0.19,0.61,9.0
1563,28701,0.11,0.52,9.69
1564,28717,0.27,0.54,9.56
1565,28734,0.1,0.57,9.66
1566,28750,0.21,0.63,9.04
1567,28770,0.23,0.88,9.83
1568,28787,0.19,0.59,9.2
1569,28803,0.33,0.65,9.39
1570,28820,0.27,0.54,9.62
1571,28836,0.17,0.54,9.5
1572,28853,0.02,0.57,9.35
1573,28869,0.36,0.52,9.71
1574,28884,0.27,0.61,9.64
1575,28901,0.36,0.56,9.37
1576,28917,0.19,0.61,9.54
1577,28934,0.25,0.5,10.19
1578,28950,0.17,0.57,9.85
1579,28971,0.23,0.56,9.48
1580,28987,0.17,0.56,9.69
1581,29004,0.04,0.71,9.62
1582,29020,0.21,0.54,9.64
1583,29036,0.06,0.67,9.87
1584,29053,0.08,0.61,9.92
1585,29069,0.19,0.54,9.52
1586,29086,0.25,0.57,9.77
1587,29102,0.04,0.63,9.06
1588,29119,0.19,0.63,9.27
1589,29135,0.31,0.61,9.41
1590,29151,0.33,0.63,9.41
1591,29168,0.44,0.54,9.27
1592,29184,0.25,0.57,9.6
1593,29201,0.29,0.5,9.83
1594,29221,0.17,0.54,9.67
1595,29238,0.21,0.54,9.54
1596,29253,0.21,0.54,9.39
1597,29269,0.4,0.54,9.73
1598,29286,0.17,0.61,10.02
1599,29302,0.23,0.63,9.77
1600,29319,0.29,0.54,9.54
1601,29335,0.11,0.48,9.66
1602,29352,0.29,0.5,9.56
1603,29368,0.21,0.46,9.58
1604,29385,0.17,0.48,9.56
1605,29401,0.21,0.57,9.89
1606,29421,0.19,0.73,9.27
1607,29438,0.23,0.56,9.92
1608,29454,0.27,0.54,9.29
1609,29471,0.15,0.56,9.41
1610,29487,0.15,0.52,9.66
1611,29504,0.34,0.44,9.92
1612,29520,0.29,0.4,9.39
1613,29536,0.15,0.52,9.52
1614,29553,0.31,0.52,9.73
1615,29569,0.17,0.69,8.99
1616,29586,0.21,0.61,9.14
1617,29602,0.27,0.63,9.31
1618,29618,0.33,0.69,9.45
1619,29634,0.15,0.44,9.75
1620,29650,0.25,0.46,9.45
1621,29667,0.15,0.59,9.29
1622,29687,0.23,0.46,9.5
1623,29704,0.19,0.56,9.54
1624,29720,0.17,0.75,9.62
1625,29737,0.29,0.5,9.75
1626,29753,0.27,0.61,9.81
1627,29770,0.08,0.52,9.56
1628,29786,0.15,0.63,9.6
1629,29802,0.17,0.65,9.23
1630,29819,0.13,0.63,9.6
1631,29835,0.25,0.67,9.22
1632,29852,0.27,0.54,9.56
1633,29868,0.21,0.67,9.62
1634,29885,0.48,0.54,9.41
1635,29901,0.23,0.61,9.14
1636,29917,0.19,0.54,9.58
1637,29934,0.13,0.5,9.87
1638,29954,0.19,0.56,9.54
1639,29971,0.19,0.88,9.64
1640,29987,0.17,0.59,9.85
1641,30003,0.15,0.52,9.66
1642,30019,0.11,0.57,9.64
1643,30035,0.29,0.57,9.6
1644,30052,0.27,0.63,9.22
1645,30068,0.21,0.44,9.89
1646,30085,0.19,0.48,9.54
1647,30101,0.23,0.48,9.92
1648,30118,0.02,0.52,10.1
1649,30134,0.38,0.59,9.39
1650,30154,0.54,0.63,9.45
1651,30171,0.17,0.52,9.33
1652,30187,0.21,0.75,9.25
1653,30204,0.21,0.54,9.43
1654,30220,0.19,0.59,9.58
1655,30237,0.04,0.52,10.04
1656,30253,0.13,0.48,9.27
1657,30270,0.27,0.48,9.52
1658,30286,0.23,0.65,9.73
1659,30302,0.21,0.46,9.45
1660,30319,0.21,0.56,9.27
1661,30335,0.13,0.57,9.54
1662,30356,0.25,0.48,9.6
1663,30371,0.21,0.29,9.45
1664,30388,0.27,-0.08,9.75
1665,30404,0.38,0.23,9.52
1666,30421,0.23,0.38,9.14
1667,30437,0.17,0.63,9.71
1668,30453,0.34,0.73,9.67
1669,30470,0.23,0.79,9.35
1670,30486,0.17,0.94,9.52
1671,30503,0.29,1.09,9.79
1672,30519,0.15,0.88,9.58
1673,30536,0.13,0.65,9.27
1674,30556,0.21,0.84,9.39
1675,30572,0.15,0.9,9.39
1676,30589,0.15,0.8,9.67
1677,30605,0.25,0.63,9.5
1678,30622,0.06,0.73,9.22
1679,30638,0.17,0.54,9.45
1680,30655,0.17,0.59,9.56
1681,30671,0.25,0.31,9.71
1682,30687,0.23,0.59,9.5
1683,30704,0.19,0.63,9.25
1684,30720,0.13,0.71,9.35
1685,30737,0.17,0.63,9.1
1686,30752,0.21,0.59,9.23
1687,30769,0.25,0.71,9.54
1688,30785,0.21,0.77,9.37
1689,30801,0.19,0.82,9.58
1690,30822,0.17,0.61,9.46
1691,30838,0.08,0.63,9.87
1692,30855,0.19,0.48,9.56
1693,30871,0.19,0.33,9.58
1694,30888,0.19,0.67,9.41
1695,30904,0.34,0.67,9.52
1696,30921,0.17,0.69,9.75
1697,30937,0.25,0.92,9.29
1698,30953,0.15,0.86,9.29
1699,30970,0.19,0.88,9.69
1700,30986,0.15,0.65,9.48
1701,31003,0.04,0.71,9.9
1702,31019,0.21,0.82,9.48
1703,31036,0.19,0.65,9.62
1704,31052,0.27,0.65,9.2
1705,31068,0.31,0.57,9.43
1706,31089,0.19,0.5,9.29
1707,31105,0.15,0.63,9.79
1708,31121,0.29,0.65,9.81
1709,31137,0.15,0.34,9.75
1710,31154,0.17,0.77,9.66
1711,31170,0.15,0.73,9.29
1712,31186,0.4,0.63,9.6
1713,31203,0.19,0.69,9.6
1714,31219,0.15,0.61,9.94
1715,31236,0.29,0.57,9.6
1716,31252,0.19,0.54,9.62
1717,31269,0.1,0.48,9.87
1718,31285,0.25,0.59,9.66
1719,31301,0.19,0.56,9.66
1720,31318,0.15,0.75,9.66
1721,31334,0.21,0.71,9.31
1722,31355,0.23,0.63,9.77
1723,31371,0.25,0.67,9.43
1724,31388,0.36,0.69,9.12
1725,31404,0.19,0.69,9.48
1726,31421,0.23,0.67,9.6
1727,31437,0.15,0.59,9.54
1728,31453,0.27,0.69,9.41
1729,31470,0.27,0.75,9.25
1730,31486,0.1,0.71,9.6
1731,31502,0.27,0.63,9.64
1732,31518,0.25,0.56,9.43
1733,31535,0.13,0.67,9.58
1734,31551,0.08,0.54,9.67
1735,31567,0.08,0.56,9.67
1736,31584,0.25,0.57,9.54
1737,31600,0.23,0.67,9.94
1738,31621,0.27,0.71,9.39
1739,31637,0.21,0.69,9.54
1740,31654,0.25,0.5,9.83
1741,31670,0.15,0.82,9.23
1742,31686,0.23,0.73,9.16
1743,31703,0.29,0.63,9.58
1744,31719,0.27,0.75,9.37
1745,31736,0.1,0.75,9.98
1746,31752,0.17,0.69,9.71
1747,31769,0.21,0.67,9.29
1748,31785,0.42,0.4,9.14
1749,31801,0.19,0.36,9.58
1750,31818,0.04,0.77,9.33
1751,31834,0.02,0.98,9.69
1752,31851,0.17,0.59,9.62
1753,31866,0.33,0.79,9.12
1754,31887,-2.3,18.37,16.15
1755,31907,-4.64,1.61,5.59
1756,31924,0.11,1.84,15.1
1757,31940,5.13,0.71,7.11
1758,31957,2.38,-0.08,8.28
1759,31977,-3.37,1.69,10.15
1760,31993,0.71,2.45,9.52
1761,32010,1.46,1.59,8.95
1762,32030,-1.36,0.06,10.98
1763,32047,1.69,1.26,9.06
1764,32063,-0.69,-0.13,10.35
1765,32080,1.02,0.73,9.66
1766,32100,-0.48,0.56,9.67
1767,32117,0.31,1.09,9.56
1768,32133,0.23,0.92,9.56
1769,32150,0.15,1.0,9.56
1770,32166,0.23,1.05,9.83
1771,32182,0.1,0.86,9.6
1772,32199,0.34,1.02,9.22
1773,32215,0.52,0.84,9.62
1774,32232,0.57,0.82,9.39
1775,32247,0.27,0.96,9.5
1776,32264,0.23,0.9,9.77
1777,32284,0.27,0.9,9.31
1778,32300,0.21,0.71,9.56
1779,32317,0.11,0.56,9.9
1780,32333,0.17,0.63,9.45
1781,32350,0.23,1.15,9.6
1782,32366,0.17,0.98,9.64
1783,32383,0.15,0.84,9.54
1784,32399,0.36,0.77,9.2
1785,32415,0.21,0.77,9.62
1786,32432,0.34,0.9,9.31
1787,32448,0.36,0.77,9.58
1788,32465,0.21,0.9,9.56
1789,32481,0.19,0.84,9.64
1790,32498,0.25,0.79,9.39
1791,32514,0.19,0.77,9.52
1792,32530,0.33,0.86,9.41
1793,32551,0.13,0.86,9.75
1794,32567,0.21,0.79,9.41
1795,32584,0.13,0.86,9.71
1796,32600,0.25,0.86,9.35
1797,32616,0.19,0.96,9.23
1798,32632,0.21,0.9,9.64
1799,32649,0.36,0.79,9.58
1800,32665,0.25,0.84,9.31
1801,32681,0.19,0.86,9.56
1802,32698,0.11,0.84,9.83
1803,32714,0.27,0.82,9.37
1804,32731,0.23,0.79,9.54
1805,32747,0.31,0.82,9.58
1806,32764,0.11,0.69,9.75
1807,32780,0.25,0.67,9.9
1808,32796,0.29,0.94,9.66
1809,32813,0.08,0.8,9.98
1810,32833,0.25,0.8,9.81
1811,32850,0.25,0.82,9.58
1812,32866,0.38,0.9,9.35
1813,32883,0.44,0.69,9.62
1814,32899,0.25,0.86,9.85
1815,32916,0.34,0.82,9.39
1816,32932,0.38,0.94,9.73
1817,32948,0.29,0.86,9.35
1818,32965,0.21,0.98,9.48
1819,32981,-0.02,0.9,9.75
1820,32997,0.44,0.77,9.45
1821,33017,0.13,0.86,9.89
1822,33034,0.19,0.86,9.25
1823,33050,0.21,0.9,9.31
1824,33066,0.29,0.84,9.33
1825,33083,0.23,0.86,9.56
1826,33099,0.17,0.86,9.73
1827,33116,0.33,1.02,9.31
1828,33132,0.23,0.92,9.66
1829,33149,0.19,0.94,9.46
1830,33165,0.38,0.9,9.27
1831,33181,0.11,0.82,9.79
1832,33198,0.19,0.71,9.56
1833,33214,0.27,0.75,9.23
1834,33231,0.38,0.67,9.87
1835,33247,0.27,0.38,9.64
1836,33264,0.38,0.59,9.25
1837,33284,0.31,0.69,9.45
1838,33301,0.19,0.75,9.75
1839,33317,0.17,0.77,9.73
1840,33333,0.06,0.94,9.64
1841,33350,0.21,0.84,9.52
1842,33365,0.21,0.79,9.6
1843,33382,0.19,0.79,9.64
1844,33398,0.27,0.88,9.46
1845,33415,0.23,0.9,9.12
1846,33431,0.13,0.88,9.64
1847,33447,0.15,0.9,9.6
1848,33464,0.52,0.75,9.1
1849,33480,0.19,0.84,9.58
1850,33497,0.44,0.75,9.46
1851,33513,0.27,0.9,9.87
1852,33530,0.25,0.84,9.43
1853,33550,0.29,0.84,9.08
1854,33566,0.27,0.92,9.62
1855,33583,0.19,0.86,9.54
1856,33599,0.36,0.86,9.16
1857,33616,0.31,0.84,9.69
1858,33632,0.25,0.82,9.33
1859,33649,0.38,0.8,9.46
1860,33665,0.27,0.71,9.64
1861,33681,0.0,0.92,9.71
1862,33698,0.21,0.86,9.67
1863,33714,0.4,0.86,9.23
1864,33731,0.0,0.98,9.48
1865,33746,0.19,0.86,9.54
1866,33763,0.36,0.8,9.31
1867,33779,0.31,0.82,9.69
1868,33796,0.23,0.86,9.16
1869,33816,0.23,0.82,9.46
1870,33832,0.1,0.84,9.85
1871,33849,0.29,0.79,9.69
1872,33865,0.23,0.73,9.5
1873,33882,0.36,0.82,9.35
1874,33898,-0.02,0.84,9.69
1875,33915,0.04,0.94,9.83
1876,33931,0.23,0.82,9.5
1877,33952,-0.02,0.79,9.73
1878,33968,0.27,0.79,9.5
1879,33984,0.13,0.73,9.66
1880,34001,0.02,0.9,9.23
1881,34017,0.17,0.88,9.58
1882,34034,0.36,0.86,9.64
1883,34050,0.15,0.9,9.56
1884,34067,0.19,0.94,9.9
1885,34083,0.23,0.86,9.62
1886,34099,0.23,0.71,9.73
1887,34115,0.25,0.73,9.56
1888,34131,0.23,0.69,9.69
1889,34148,0.29,0.79,9.87
1890,34164,0.23,0.8,9.37
1891,34181,0.27,0.84,9.6
1892,34197,0.04,0.79,9.87
1893,34218,0.19,1.0,9.2
1894,34234,0.17,0.88,9.54
1895,34250,0.04,0.8,9.79
1896,34267,0.25,0.9,9.58
1897,34283,0.17,0.84,9.69
1898,34300,0.31,0.82,9.56
1899,34316,0.25,0.8,9.46
1900,34332,-0.1,0.98,9.29
1901,34349,0.34,0.8,9.73
1902,34365,0.25,0.84,9.52
1903,34382,0.38,0.82,9.18
1904,34398,0.34,0.77,9.56
1905,34419,0.25,0.86,9.33
1906,34435,0.11,0.88,9.75
1907,34452,0.21,0.8,9.48
1908,34468,0.23,0.8,9.45
1909,34483,0.23,0.94,9.41
1910,34500,0.04,0.92,9.75
1911,34516,0.4,0.71,9.43
1912,34533,0.27,0.75,9.41
1913,34549,0.11,0.84,9.89
1914,34566,0.44,0.9,9.46
1915,34582,0.25,0.86,8.91
1916,34598,0.15,0.75,9.89
1917,34615,0.38,0.77,9.43
1918,34631,0.19,0.84,9.1
1919,34648,0.23,0.84,9.45
1920,34664,0.15,0.94,9.48
1921,34685,0.44,0.84,9.41
1922,34701,0.17,0.82,9.6
1923,34718,0.56,0.88,9.48
1924,34734,0.17,0.88,9.67
1925,34750,0.21,0.9,9.64
1926,34767,0.31,0.84,10.0
1927,34783,0.17,0.82,9.58
1928,34805,0.13,0.92,9.58
1929,34816,0.19,0.9,9.12
1930,34833,0.21,0.84,9.5
1931,34849,0.48,0.79,9.45
1932,34864,0.17,0.9,9.5
1933,34885,0.23,0.86,9.58
1934,34901,0.08,0.88,9.67
1935,34918,0.17,0.86,9.54
1936,34934,0.21,0.88,9.22
1937,34951,0.25,0.9,9.6
1938,34967,0.34,0.92,9.35
1939,34983,0.23,0.82,9.81
1940,35000,0.17,0.92,9.58
1941,35016,0.52,0.9,9.87
1942,35033,0.29,0.86,9.52
1943,35049,0.21,0.79,9.46
1944,35066,0.1,0.73,9.66
1945,35082,0.36,0.79,9.56
1946,35098,0.21,0.88,9.9
1947,35115,0.15,0.9,9.64
1948,35131,0.27,0.94,9.48
1949,35152,0.17,0.75,9.81
1950,35168,0.15,0.73,9.87
1951,35185,0.42,0.69,9.39
1952,35202,0.19,0.8,9.71
1953,35218,0.13,0.94,9.58
1954,35233,0.38,0.77,9.64
1955,35249,0.15,0.79,9.46
1956,35266,0.19,0.84,9.54
1957,35282,0.29,0.88,9.22
1958,35299,0.13,0.73,9.71
1959,35315,0.21,0.84,9.62
1960,35332,0.25,0.88,9.83
1961,35348,0.29,0.98,9.46
1962,35364,0.19,0.82,9.9
1963,35381,0.19,0.9,9.39
1964,35397,0.27,0.77,9.22
1965,35418,0.15,0.86,9.75
1966,35434,0.19,0.82,9.62
1967,35451,0.13,0.79,9.64
1968,35467,0.0,1.02,9.43
1969,35483,0.23,0.94,9.6
1970,35500,0.19,1.03,9.41
1971,35516,0.23,0.98,9.29
1972,35533,0.27,0.94,9.6
1973,35549,0.13,0.98,9.27
1974,35566,0.42,0.96,9.23
1975,35582,0.48,0.79,9.6
1976,35598,0.17,0.82,9.77
1977,35618,0.1,0.96,10.02
1978,35634,0.29,0.73,9.5
1979,35651,0.23,0.9,9.58
1980,35667,0.21,0.92,9.48
1981,35684,0.31,0.92,9.41
1982,35700,0.34,0.8,9.27
1983,35717,0.27,0.94,9.58
1984,35733,0.29,0.86,9.58
1985,35749,0.38,0.77,9.81
1986,35766,0.15,0.79,9.39
1987,35782,0.19,0.9,9.6
1988,35799,0.19,0.9,9.83
1989,35815,0.27,0.86,9.46
1990,35832,0.13,0.92,9.87
1991,35848,0.23,0.75,9.69
1992,35864,0.27,0.9,9.27
1993,35885,0.23,0.96,9.46
1994,35901,0.38,0.9,9.58
1995,35918,0.19,0.9,9.23
1996,35934,0.23,0.9,9.33
1997,35951,0.27,0.82,9.69
1998,35967,0.23,0.9,9.2
1999,35982,0.27,0.86,9.41
2000,35999,0.19,0.84,9.56
2001,36015,0.0,0.96,9.92
2002,36032,0.25,0.86,9.75
2003,36048,0.15,0.94,9.48
2004,36065,0.25,0.9,9.66
2005,36085,-0.02,1.03,9.73
2006,36102,0.56,0.75,9.27
2007,36118,0.17,0.82,9.56
2008,36134,0.17,0.86,9.52
2009,36151,0.27,0.86,9.25
2010,36167,0.19,0.88,9.22
2011,36184,0.25,0.88,9.48
2012,36200,0.23,0.88,9.6
2013,36217,0.13,1.0,9.52
2014,36233,0.15,1.0,9.71
2015,36249,0.19,0.96,9.56
2016,36266,0.34,0.79,9.31
2017,36282,0.13,0.86,9.6
2018,36299,0.19,0.84,9.56
2019,36315,0.04,0.84,9.77
2020,36332,0.21,0.88,9.6
2021,36351,0.19,0.82,8.95
2022,36367,0.13,0.9,9.6
2023,36384,0.42,0.82,9.1
2024,36400,0.29,1.19,9.87
2025,36417,0.13,0.84,9.64
2026,36433,0.31,0.69,9.62
2027,36450,0.13,0.96,9.62
2028,36466,0.25,0.92,9.6
2029,36483,0.31,0.84,10.02
2030,36499,0.21,0.96,9.79
2031,36515,0.27,1.0,9.5
2032,36532,0.21,0.44,9.5
2033,36552,0.08,0.57,9.71
2034,36569,0.44,0.79,9.41
2035,36585,0.31,0.69,9.69
2036,36602,0.11,0.54,9.48
2037,36618,-0.02,0.25,9.22
2038,36634,-0.19,0.42,9.94
2039,36651,0.02,0.8,9.66
2040,36667,0.21,1.19,9.87
2041,36688,0.23,1.34,9.87
2042,36704,0.29,1.71,9.37
2043,36721,0.52,3.3,8.89
2044,36736,0.1,1.9,9.41
2045,36753,-0.04,0.65,9.48
2046,36769,-0.04,0.0,9.23
2047,36790,0.38,-0.34,9.56
2048,36806,0.13,-1.3,9.64
2049,36822,0.11,-1.59,9.83
2050,36843,0.11,-1.15,9.85
2051,36859,0.79,-0.17,8.99
2052,36876,0.08,-0.56,9.54
2053,36892,0.02,0.02,9.62
2054,36909,0.0,0.42,9.98
2055,36929,-0.06,0.69,9.75
2056,36946,-0.1,0.79,9.23
2057,36962,0.08,0.82,9.16
2058,36978,0.82,0.61,9.0
2059,36995,0.29,0.38,9.58
2060,37011,0.1,0.34,9.2
2061,37028,0.06,0.13,9.43
2062,37048,0.02,-0.06,9.62
2063,37065,0.02,-0.36,9.73
2064,37081,0.82,-0.15,9.45
2065,37101,0.34,-0.44,9.85
2066,37117,0.31,-0.19,9.48
2067,37134,0.11,0.1,9.39
2068,37150,-0.1,0.31,9.9
2069,37166,0.27,0.42,9.48
2070,37183,0.73,0.38,9.79
2071,37199,0.11,0.36,9.94
2072,37220,-0.02,0.25,9.54
2073,37236,0.04,0.1,9.89
2074,37253,0.21,-0.02,9.67
2075,37269,0.79,-0.04,9.39
2076,37290,0.08,-0.17,9.67
2077,37306,-0.17,-0.06,9.52
2078,37326,-0.31,0.02,9.62
2079,37343,0.48,0.21,9.54
2080,37359,0.38,0.31,9.54
2081,37376,0.0,0.23,9.89
2082,37392,0.08,0.23,9.66
2083,37409,0.15,0.15,9.83
2084,37425,0.42,0.13,9.48
2085,37442,0.1,-0.15,9.85
2086,37462,-0.15,-0.1,9.45
2087,37477,0.27,0.08,9.6
2088,37494,0.34,0.1,9.67
2089,37510,0.1,0.17,9.37
2090,37527,0.19,0.15,9.71
2091,37543,0.21,0.17,9.58
2092,37560,0.42,0.08,8.99
2093,37580,0.11,-0.02,9.66
2094,37597,0.17,-0.06,9.33
2095,37613,0.15,0.1,9.75
2096,37629,-0.1,0.0,9.67
2097,37646,0.29,0.11,9.25
2098,37662,0.29,0.15,8.95
2099,37683,0.36,0.08,9.66
2100,37699,0.15,0.11,9.62
2101,37716,0.17,0.08,9.27
2102,37732,0.21,0.08,9.45
2103,37749,0.17,0.0,9.89
2104,37765,0.25,0.0,9.81
2105,37781,0.21,0.06,9.62
2106,37798,0.06,0.1,10.15
2107,37814,0.11,0.08,9.58
2108,37831,0.33,0.19,9.33
2109,37846,0.23,0.08,9.75
2110,37867,-0.02,0.13,9.54
2111,37883,0.17,0.02,9.6
2112,37899,0.17,-0.02,9.94
2113,37916,0.11,0.0,9.92
2114,37932,0.17,0.1,9.77
2115,37953,0.21,0.08,10.02
2116,37969,0.06,0.08,9.6
2117,37986,0.17,0.08,9.62
2118,38002,0.46,0.06,9.23
2119,38019,0.23,0.06,9.41
2120,38035,0.13,-0.02,9.31
2121,38051,0.25,0.17,9.45
2122,38068,0.19,0.06,9.64
2123,38084,0.06,0.15,9.43
2124,38101,0.21,0.06,9.66
2125,38117,0.21,0.08,9.62
2126,38138,0.1,-0.02,10.15
2127,38154,0.19,0.06,9.66
2128,38171,0.29,0.1,9.54
2129,38191,-6.53,3.58,21.04
2130,38208,-1.88,-0.92,1.72
2131,38227,1.65,-0.08,3.66
2132,38243,0.44,-0.5,7.11
2133,38260,0.11,-0.13,8.56
2134,38280,-0.34,0.23,9.54
2135,38297,-0.38,0.59,9.54
2136,38313,-0.23,0.34,9.64
2137,38330,-0.21,0.27,9.22
2138,38350,-0.08,0.13,9.2
2139,38367,-0.29,0.1,9.77
2140,38383,-0.15,0.11,9.35
2141,38404,-0.25,0.13,9.37
2142,38420,-0.11,0.1,9.66
2143,38437,-0.04,0.11,9.69
2144,38457,0.63,0.69,10.36
2145,38473,1.25,0.29,9.39
2146,38490,1.15,0.19,9.22
2147,38506,1.17,-0.08,9.2
2148,38523,0.36,-0.77,8.93
2149,38543,-0.06,-0.42,9.58
2150,38564,-0.23,-0.25,10.13
2151,38580,-0.13,0.25,9.23
2152,38596,-0.08,0.38,9.23
2153,38616,-0.1,0.52,9.04
2154,38633,0.0,0.33,9.71
2155,38649,-0.1,0.46,9.58
2156,38665,-0.33,0.38,9.66
2157,38686,-0.25,0.42,9.52
2158,38702,-0.08,0.15,9.62
2159,38719,-0.06,0.17,9.5
2160,38739,-0.06,0.15,9.6
2161,38756,-0.04,0.1,9.56
2162,38772,-0.06,0.17,9.94
2163,38789,1.26,0.13,8.39
2164,38805,0.98,0.11,9.04
2165,38826,0.98,-0.04,9.45
2166,38842,0.23,-0.31,9.75
2167,38863,-0.06,-0.17,9.5
2168,38879,0.0,-0.11,10.12
2169,38900,-0.08,0.1,9.67
2170,38916,-0.08,0.19,9.64
2171,38932,-0.15,0.4,9.83
2172,38953,-0.11,0.34,9.9
2173,38968,-0.08,0.52,9.48
2174,38985,-0.15,0.46,9.58
2175,39001,-0.11,0.44,9.83
2176,39022,0.0,0.42,9.83
2177,39038,0.04,0.25,9.77
2178,39055,0.0,0.17,9.6
2179,39071,0.54,0.19,9.58
2180,39087,0.8,0.15,9.54
2181,39104,0.82,-0.08,9.67
2182,39120,0.02,-0.19,9.45
2183,39141,0.21,-0.27,9.41
2184,39157,0.13,-0.08,9.22
2185,39174,0.04,-0.04,9.6
2186,39190,0.02,0.1,9.73
2187,39211,-0.04,0.27,9.81
2188,39227,-0.06,0.4,9.75
2189,39244,0.08,0.52,9.43
2190,39260,0.1,0.48,9.43
2191,39280,-0.04,0.44,9.87
2192,39297,0.42,0.52,9.45
2193,39313,0.88,0.4,9.33
2194,39330,0.71,0.21,9.45
2195,39345,0.15,-0.02,9.92
2196,39366,-0.04,-0.21,9.75
2197,39382,-0.02,-0.29,9.37
2198,39403,-0.06,-0.17,9.89
2199,39419,-0.02,0.1,9.18
2200,39436,0.08,0.29,9.66
2201,39452,0.0,0.29,9.69
2202,39473,-0.02,0.42,10.17
2203,39489,0.82,0.36,9.54
2204,39505,0.57,0.38,9.35
2205,39522,0.23,0.1,9.46
2206,39538,0.25,-0.08,9.98
2207,39559,0.0,-0.23,9.94
2208,39575,-0.1,-0.15,9.9
2209,39592,0.0,0.02,9.62
2210,39608,0.0,0.27,9.62
2211,39624,0.86,0.31,9.12
2212,39641,0.71,0.23,9.6
2213,39657,0.15,0.19,9.77
2214,39678,0.17,-0.04,9.89
2215,39694,-0.08,0.04,9.39
2216,39711,-0.04,0.1,9.27
2217,39730,-0.06,0.1,9.85
2218,39747,0.21,0.23,9.5
2219,39763,0.77,0.19,9.69
2220,39779,0.31,0.17,9.69
2221,39796,0.1,-0.04,10.0
2222,39817,-0.13,-0.25,10.19
2223,39837,0.15,-0.1,9.83
2224,39853,0.11,0.15,9.85
2225,39870,0.52,0.44,9.56
2226,39886,0.5,0.27,9.5
2227,39903,0.06,0.04,9.92
2228,39919,-0.04,0.0,9.56
2229,39936,0.19,-0.02,9.33
2230,39956,0.11,0.25,9.39
2231,39973,0.46,0.19,9.29
2232,39989,0.44,0.23,9.18
2233,40005,0.13,0.11,9.64
2234,40022,0.08,0.0,9.85
2235,40038,-0.02,0.29,9.37
2236,40055,0.13,0.15,9.85
2237,40071,0.33,0.25,9.35
2238,40088,0.42,0.19,9.12
2239,40103,0.23,0.0,9.66
2240,40123,0.04,-0.04,9.08
2241,40140,0.1,-0.11,9.85
2242,40156,0.29,0.06,9.81
2243,40173,0.4,0.31,9.5
2244,40189,0.17,0.1,10.13
2245,40210,0.04,0.08,10.02
2246,40226,0.08,0.02,9.64
2247,40243,-0.02,0.19,9.6
2248,40259,0.23,0.17,9.5
2249,40275,0.29,0.13,9.83
2250,40292,0.19,0.04,9.29
2251,40312,0.15,-0.02,9.71
2252,40329,0.15,0.0,9.85
2253,40345,0.11,0.13,9.9
2254,40362,0.27,0.29,9.33
2255,40378,0.15,0.17,9.56
2256,40395,-0.02,0.04,9.92
2257,40411,0.15,0.06,9.27
2258,40427,0.11,0.13,9.67
2259,40448,0.11,0.1,10.04
2260,40464,0.25,0.06,9.46
2261,40480,0.17,0.04,9.62
2262,40496,0.13,0.1,9.22
2263,40513,0.23,0.08,9.67
2264,40529,0.25,0.15,9.52
2265,40545,0.29,0.1,9.56
2266,40562,0.29,0.11,9.48
2267,40578,0.11,0.17,9.45
2268,40595,0.19,0.06,9.66
2269,40611,0.21,0.08,9.83
2270,40632,0.21,0.08,10.04
2271,40648,0.21,0.13,9.45
2272,40664,0.19,0.08,9.48
2273,40681,0.29,0.06,9.48
2274,40697,0.19,0.17,9.79
2275,40714,0.5,0.1,9.52
2276,40730,0.19,0.11,9.46
2277,40747,0.21,0.15,9.1
2278,40763,0.17,0.08,9.77
2279,40780,0.17,0.08,9.6
2280,40796,0.19,0.04,9.92
2281,40812,0.34,0.04,9.66
2282,40829,0.15,0.1,9.9
2283,40844,0.15,0.06,9.73
2284,40861,0.15,0.08,9.48
2285,40881,0.21,0.15,9.37
2286,40898,0.19,0.02,9.73
2287,40914,0.25,0.06,9.58
2288,40930,0.29,0.02,9.9
2289,40947,0.17,0.06,9.56
2290,40963,0.11,0.02,9.77
2291,40980,0.31,0.0,9.79
2292,40996,0.13,-0.02,9.66
2293,41013,0.17,0.08,9.48
2294,41029,0.21,0.08,9.62
2295,41046,0.11,0.13,9.5
2296,41062,0.11,0.04,9.67
2297,41082,0.17,0.13,9.71
2298,41099,0.31,0.23,9.18
2299,41115,0.11,0.19,9.41
2300,41132,0.21,0.15,9.56
2301,41148,0.15,0.1,9.85
2302,41165,0.13,0.08,9.89
2303,41181,0.17,0.1,9.73
2304,41197,0.19,0.13,9.62
2305,41213,0.19,0.13,9.45
2306,41229,0.15,0.23,9.67
2307,41246,0.17,0.1,9.5
2308,41266,0.17,-0.02,10.0
2309,41283,0.21,0.13,9.25
2310,41299,0.19,0.19,9.35
2311,41316,0.13,0.1,9.45
2312,41332,0.15,0.11,9.75
2313,41348,0.27,0.13,9.43
2314,41365,0.29,0.06,9.31
2315,41381,0.33,0.1,9.58
2316,41398,0.21,0.11,9.6
2317,41414,0.17,0.1,9.94
2318,41431,0.21,0.08,9.39
2319,41447,0.17,0.08,9.33
2320,41463,0.31,0.11,9.67
2321,41484,0.29,0.1,9.58
2322,41500,0.17,0.06,10.04
2323,41517,0.11,0.1,10.04
2324,41533,0.15,0.11,9.58
2325,41550,0.17,0.08,9.29
2326,41566,0.29,0.06,9.33
2327,41583,0.23,0.15,9.35
2328,41598,0.17,0.19,9.69
2329,41618,0.15,0.15,9.5
2330,41635,0.06,0.23,8.89
2331,41651,0.19,0.1,9.45
2332,41668,0.15,0.1,9.58
2333,41684,0.02,0.15,9.83
2334,41701,0.06,0.11,9.43
2335,41717,0.17,0.1,9.85
2336,41733,0.17,0.1,9.46
2337,41750,0.21,0.15,9.43
2338,41766,0.13,0.1,9.69
2339,41783,0.27,0.08,9.67
2340,41799,0.33,0.06,9.83
2341,41820,-0.06,0.19,9.6
2342,41836,0.19,0.11,9.52
2343,41853,0.19,0.08,9.62
2344,41869,0.27,0.11,9.77
2345,41885,0.27,0.1,10.0
2346,41902,0.36,0.04,9.75
2347,41918,0.17,0.02,9.54
2348,41935,0.13,0.13,9.58
2349,41951,0.27,0.1,9.62
2350,41971,0.19,-0.06,10.08
2351,41987,0.25,0.1,9.67
2352,42004,0.33,0.13,9.43
2353,42020,0.19,0.06,10.12
2354,42036,0.19,0.08,9.66
2355,42053,0.19,0.1,9.9
2356,42069,0.25,0.1,9.46
2357,42090,0.29,0.13,9.48
2358,42106,0.19,0.1,9.77
2359,42123,0.13,0.1,9.58
2360,42139,0.34,0.06,9.58
2361,42155,0.27,0.04,9.73
2362,42172,0.19,0.04,9.6
2363,42188,-0.04,0.0,10.0
2364,42209,0.21,0.11,9.43
2365,42225,0.19,0.17,9.67
2366,42242,0.1,0.25,9.18
2367,42258,0.48,0.23,8.74
2368,42275,0.21,0.13,9.79
2369,42291,0.56,-0.17,8.79
2370,42307,0.36,0.04,9.35
2371,42324,0.23,0.15,9.56
2372,42343,0.19,-0.13,9.56
2373,42360,0.13,0.17,9.1
2374,42376,0.31,0.13,9.35
2375,42393,0.33,0.04,9.08
2376,42409,0.27,0.08,9.77
2377,42425,0.11,0.11,9.71
2378,42442,0.11,0.0,9.66
2379,42458,0.25,0.1,9.66
2380,42475,0.15,0.13,9.94
2381,42491,0.11,0.08,9.45
2382,42508,0.25,0.04,9.69
2383,42524,0.21,0.13,9.22
2384,42540,0.13,0.13,9.79
2385,42557,0.33,0.08,9.39
2386,42577,0.0,0.02,10.0
2387,42594,0.25,0.06,9.58
2388,42610,0.17,0.06,9.43
2389,42627,0.0,0.13,9.58
2390,42643,0.21,0.15,9.33
2391,42660,0.1,0.06,9.5
2392,42676,0.17,0.06,9.6
2393,42692,0.06,0.19,9.58
2394,42708,0.23,0.19,9.54
2395,42724,0.15,0.1,9.58
2396,42741,0.19,0.11,9.33
2397,42761,-3.54,4.56,24.25
2398,42782,-3.58,-1.92,18.49
2399,42798,2.84,1.09,-4.2
2400,42815,4.98,-0.4,1.02
2401,42835,2.95,-0.08,12.68
2402,42852,0.69,-0.67,11.69
2403,42872,1.4,-0.13,11.65
2404,42889,1.17,-0.11,8.7
2405,42909,2.07,-1.34,8.16
2406,42926,0.8,-0.59,8.07
2407,42942,0.0,0.1,9.96
2408,42962,-9.2,0.44,19.46
2409,42979,0.52,1.03,2.72
2410,42995,1.4,3.58,15.06
2411,43016,-2.57,1.67,13.6
2412,43032,-0.67,1.4,10.02
2413,43049,0.29,0.86,8.1
2414,43065,-0.13,0.75,9.14
2415,43085,-0.08,0.33,9.35
2416,43101,-0.21,0.23,9.54
2417,43118,-0.4,0.04,9.79
2418,43138,-0.15,-0.04,9.71
2419,43159,-0.08,-0.11,9.75
2420,43175,0.11,-0.02,9.25
2421,43191,1.15,0.19,9.29
2422,43208,1.19,0.19,9.22
2423,43224,1.05,0.13,9.06
2424,43241,0.96,0.02,9.25
2425,43261,0.25,-0.02,11.55
2426,43278,0.13,-0.54,10.38
2427,43298,-0.06,-0.19,9.41
2428,43315,0.1,0.02,9.27
2429,43331,0.15,0.19,9.1
2430,43347,0.0,0.29,9.35
2431,43364,-0.23,0.5,9.75
2432,43384,-0.19,0.65,9.29
2433,43401,-0.08,0.56,9.43
2434,43417,-0.52,0.63,9.94
2435,43438,-0.52,0.65,10.04
2436,43454,-0.36,0.36,9.45
2437,43474,-0.11,0.34,9.71
2438,43490,-0.54,0.29,9.18
2439,43507,-0.36,0.15,9.89
2440,43523,-0.34,0.11,9.46
2441,43544,-0.04,0.19,9.18
2442,43560,-0.38,0.13,10.29
2443,43577,0.13,0.17,9.52
2444,43597,-0.06,0.29,9.6
2445,43613,-0.15,0.33,9.92
2446,43630,-0.08,0.5,9.04
2447,43646,0.42,0.48,9.52
2448,43663,1.38,0.17,8.93
2449,43683,0.9,0.33,9.27
2450,43700,1.02,0.02,9.41
2451,43716,0.33,-0.1,10.21
2452,43733,0.25,-0.36,9.35
2453,43753,0.06,-0.36,9.04
2454,43770,0.0,-0.19,9.18
2455,43790,-0.02,-0.06,9.75
2456,43806,0.0,0.19,9.23
2457,43823,-0.17,0.36,9.27
2458,43838,-0.27,0.36,9.83
2459,43859,-0.19,0.54,9.69
2460,43875,-0.31,0.59,9.87
2461,43892,-0.23,0.75,9.96
2462,43912,0.27,0.33,10.15
2463,43929,0.23,0.29,11.15
2464,43945,0.13,0.33,10.0
2465,43962,0.29,0.34,9.06
2466,43982,-0.1,0.33,10.0
2467,43998,0.4,0.27,9.18
2468,44015,0.46,0.4,9.52
2469,44031,0.42,0.25,9.37
2470,44048,0.31,0.02,9.29
2471,44064,0.06,-0.33,9.06
2472,44085,0.02,-0.56,9.73
2473,44101,0.21,0.04,9.62
2474,44118,0.27,0.1,9.48
2475,44134,0.31,0.25,9.85
2476,44150,-0.04,0.34,9.58
2477,44167,0.06,0.27,9.23
2478,44183,0.06,0.15,9.58
2479,44200,0.1,0.27,9.5
2480,44219,0.04,0.25,9.83
2481,44236,0.25,0.13,9.62
2482,44252,0.13,0.06,9.64
2483,44269,-0.02,0.1,9.62
2484,44285,0.13,-0.06,9.73
2485,44301,0.1,0.0,9.71
2486,44322,0.33,-0.02,9.5
2487,44338,0.13,0.17,9.27
2488,44355,0.04,0.15,9.79
2489,44371,0.06,0.15,9.6
2490,44388,0.17,0.17,9.66
2491,44404,0.04,0.25,9.33
2492,44421,0.1,0.11,9.14
2493,44437,0.15,0.11,9.85
2494,44453,0.25,0.0,9.73
2495,44470,0.13,0.0,9.66
2496,44486,0.11,0.02,9.6
2497,44507,0.5,-0.02,9.71
2498,44523,0.29,0.11,9.56
2499,44540,0.19,0.15,9.33
2500,44556,0.17,0.19,9.69
2501,44572,0.11,0.13,9.56
2502,44588,0.21,0.19,9.12
2503,44604,0.13,0.04,9.62
2504,44621,0.19,0.1,9.6
2505,44637,0.08,0.04,9.94
2506,44654,0.11,0.06,9.62
2507,44670,0.17,0.04,9.9
2508,44687,0.17,0.11,9.35
2509,44703,0.23,0.11,9.37
2510,44719,0.21,0.04,9.58
2511,44740,0.15,0.17,9.54
2512,44756,0.31,0.11,9.62
2513,44773,0.17,0.19,9.56
2514,44789,0.17,0.04,9.48
2515,44806,0.11,0.06,9.9
2516,44822,0.27,0.0,9.41
2517,44838,0.19,0.02,9.6
2518,44855,0.17,0.21,9.29
2519,44871,0.0,0.19,9.67
2520,44888,0.23,0.13,9.81
2521,44904,0.06,0.08,9.71
2522,44921,0.27,0.15,9.35
2523,44937,0.19,0.13,9.29
2524,44952,0.21,0.08,9.71
2525,44969,0.19,0.15,9.58
2526,44985,0.13,0.06,9.6
2527,45006,0.17,0.08,9.6
2528,45022,-0.04,0.13,9.79
2529,45039,0.06,0.15,9.6
2530,45055,0.13,0.11,9.6
2531,45072,0.17,0.23,9.77
2532,45088,0.19,0.06,9.71
2533,45104,0.19,0.04,9.45
2534,45121,0.17,0.04,9.75
2535,45137,0.15,0.06,9.62
2536,45154,0.17,0.02,9.9
2537,45170,0.27,0.06,9.33
2538,45186,0.19,0.1,9.0
2539,45207,0.15,0.11,9.73
2540,45223,0.1,0.13,9.54
2541,45240,0.19,0.13,9.73
2542,45256,0.23,0.13,9.56
2543,45273,0.23,0.02,9.52
2544,45289,0.15,-0.04,9.96
2545,45306,0.1,-0.02,9.81
2546,45322,0.21,0.08,9.64
2547,45341,0.15,0.08,9.87
2548,45358,0.25,0.11,9.45
2549,45374,0.54,0.0,9.92
2550,45391,0.27,0.13,9.69
2551,45407,0.23,0.11,9.62
2552,45424,0.06,0.08,9.9
2553,45440,0.11,0.1,9.67
2554,45457,0.15,0.04,8.97
2555,45473,0.34,-0.02,9.35
2556,45489,0.13,0.08,9.66
2557,45506,0.19,0.11,9.5
2558,45526,-0.02,0.1,9.6
2559,45543,0.13,0.08,9.89
2560,45559,0.17,0.13,9.58
2561,45576,0.25,0.04,9.41
2562,45592,0.1,0.08,9.64
2563,45608,0.13,0.02,9.31
2564,45625,0.15,0.13,9.43
2565,45641,0.04,0.06,9.75
2566,45658,0.25,0.11,9.41
2567,45674,0.13,0.13,9.67
2568,45691,0.04,0.06,9.9
2569,45706,0.25,0.1,9.5
2570,45722,0.17,0.06,9.56
2571,45743,0.17,0.13,9.64
2572,45759,0.1,0.15,9.1
2573,45776,0.11,0.06,9.06
2574,45792,0.1,-0.04,9.71
2575,45809,0.15,0.1,9.5
2576,45825,0.15,0.06,9.37
2577,45842,0.19,0.25,9.16
2578,45858,0.17,0.11,9.56
2579,45874,0.21,0.1,9.14
2580,45891,0.13,0.11,9.35
2581,45907,0.19,0.08,9.08
2582,45924,0.34,0.02,9.71
2583,45944,0.33,0.06,9.52
2584,45961,0.19,0.06,9.48
2585,45977,0.21,0.04,9.73
2586,45993,0.04,0.19,9.56
2587,46010,0.23,0.19,9.12
2588,46026,0.31,0.1,9.52
2589,46043,0.19,-0.04,9.54
2590,46059,0.23,0.04,9.62
2591,46075,0.11,0.0,9.52
2592,46095,0.21,0.04,10.06
2593,46112,0.19,-0.04,10.1
2594,46128,0.21,0.08,9.64
2595,46144,0.33,0.1,9.5
2596,46161,0.36,0.13,9.48
2597,46177,0.17,0.08,9.64
2598,46194,0.04,0.1,9.71
2599,46214,0.15,0.02,9.67
2600,46231,0.15,0.06,9.58
2601,46247,0.23,0.11,9.23
2602,46264,0.11,0.08,9.46
2603,46280,0.13,0.1,9.92
2604,46296,0.1,0.11,9.69
2605,46313,0.23,0.04,9.58
2606,46329,0.21,0.02,9.52
2607,46346,0.11,0.19,9.9
2608,46362,0.13,0.17,9.29
2609,46379,0.27,0.1,9.39
2610,46395,0.19,0.1,9.56
2611,46411,0.36,0.11,9.0
2612,46428,0.23,0.02,9.87
2613,46444,0.15,0.11,9.54
2614,46460,0.31,0.06,9.6
2615,46480,0.27,0.04,9.29
2616,46497,0.13,0.06,9.66
2617,46513,0.04,0.15,9.54
2618,46529,0.06,0.13,9.69
2619,46546,0.29,-0.06,9.75
2620,46562,0.27,0.06,9.27
2621,46579,0.13,0.06,9.0
2622,46595,0.08,0.0,10.15
2623,46616,0.13,0.1,9.56
2624,46632,0.1,0.04,9.56
2625,46649,0.29,0.11,9.25
2626,46665,0.11,0.06,9.62
2627,46681,0.33,-0.04,9.85
2628,46698,0.08,0.04,9.66
2629,46714,0.21,0.08,9.79
2630,46731,0.13,0.15,9.92
2631,46747,0.08,0.0,9.77
2632,46764,0.0,0.08,9.83
2633,46784,-0.02,0.19,9.87
2634,46801,0.06,0.13,9.79
2635,46817,0.17,0.1,9.33
2636,46832,0.11,0.1,9.39
2637,46849,0.15,0.06,9.71
2638,46865,0.15,0.04,9.94
2639,46882,0.19,0.11,9.5
2640,46898,0.33,0.04,9.16
2641,46915,0.23,0.11,9.43
2642,46931,0.17,0.11,9.67
2643,46952,0.21,0.04,10.0
2644,46968,0.1,0.13,9.5
2645,46984,0.13,0.1,9.73
2646,47001,0.17,0.04,9.69
2647,47017,0.1,0.15,9.56
2648,47034,0.36,-0.02,9.85
2649,47050,0.02,0.21,9.31
2650,47066,0.1,0.13,9.69
2651,47083,0.23,0.13,9.56
2652,47099,0.08,0.04,9.75
2653,47116,0.11,0.08,9.92
2654,47136,0.13,0.1,9.35
2655,47153,0.23,0.1,9.58
2656,47169,0.31,0.0,9.5
2657,47186,0.19,0.08,9.75
2658,47201,0.17,0.1,9.62
2659,47218,0.02,0.17,9.2
2660,47234,0.13,0.11,9.41
2661,47250,0.23,0.04,9.58
2662,47267,0.21,0.06,9.37
2663,47283,0.21,0.08,9.5
2664,47300,0.11,0.06,10.06
2665,47316,0.19,0.08,9.22
2666,47337,0.19,0.11,9.52
2667,47353,0.38,-0.04,9.41
2668,47369,0.13,0.15,9.31
2669,47386,-0.04,0.17,9.67
2670,47402,0.27,0.0,9.71
2671,47419,0.33,0.0,9.64
2672,47435,0.19,0.08,9.69
2673,47452,0.34,0.1,9.25
2674,47472,0.21,0.06,9.85
2675,47488,0.21,0.02,9.6
2676,47505,0.04,0.06,9.98
2677,47521,0.15,0.0,9.66
2678,47538,0.13,0.11,9.71
2679,47554,0.17,0.08,9.81
2680,47570,0.38,0.02,9.9
2681,47586,0.21,0.1,9.52
2682,47603,0.15,0.08,9.66
2683,47619,0.11,0.1,9.79
2684,47635,0.15,0.15,9.35
2685,47652,0.19,0.08,9.64
2686,47668,0.21,0.06,9.33
2687,47685,0.27,0.11,9.27
2688,47701,0.11,0.08,9.56
2689,47717,0.13,0.02,9.89
2690,47738,0.23,0.08,9.62
2691,47754,0.15,0.06,9.45
2692,47771,0.23,0.13,9.58
2693,47787,0.13,0.0,10.04
2694,47804,0.21,0.19,9.43
2695,47820,0.17,0.1,9.46
2696,47837,0.17,0.08,9.98
2697,47853,0.15,0.13,9.54
2698,47869,0.23,0.04,9.73
2699,47886,0.15,0.1,9.9
2700,47902,0.15,0.06,9.77
2701,47919,0.23,0.06,9.92
2702,47939,0.27,0.02,9.87
2703,47955,0.13,0.02,9.58
2704,47971,0.23,0.0,9.77
2705,47987,0.25,0.06,9.5
2706,48004,0.21,0.1,9.62
2707,48020,0.06,0.08,9.27
2708,48037,0.19,0.04,9.52
2709,48053,0.17,0.02,9.41
2710,48070,0.25,0.17,9.45
2711,48086,0.17,0.13,9.14
2712,48102,0.19,0.08,9.75
2713,48119,0.25,0.11,9.5
2714,48135,0.15,0.04,9.79
2715,48152,0.15,0.06,9.73
2716,48168,0.17,0.11,9.52
2717,48189,-0.02,0.06,10.04
2718,48205,0.52,0.1,9.35
2719,48222,0.23,0.11,9.58
2720,48238,0.06,0.17,9.73
2721,48254,0.15,0.04,9.67
2722,48271,0.21,0.06,9.62
2723,48287,0.08,0.17,9.39
2724,48304,0.23,0.04,9.31
2725,48319,0.21,0.06,9.6
2726,48340,0.21,0.13,9.35
2727,48356,0.11,0.15,9.41
2728,48373,0.19,0.08,9.37
2729,48389,0.21,0.04,9.33
2730,48405,0.19,0.08,9.39
2731,48422,0.02,0.08,9.98
2732,48438,0.15,0.08,9.69
2733,48455,-0.06,0.17,9.29
2734,48471,0.21,0.06,9.56
2735,48488,0.08,0.08,9.5
2736,48504,0.19,0.06,9.66
2737,48520,0.11,0.08,9.67
2738,48541,-0.08,0.04,10.06
2739,48557,0.21,0.08,9.58
2740,48574,0.25,0.11,9.33
2741,48590,0.29,0.08,9.66
2742,48607,0.15,0.11,9.27
2743,48623,0.15,0.04,9.64
2744,48640,0.1,0.08,9.52
2745,48656,0.04,0.02,9.79
2746,48676,0.13,0.08,9.67
2747,48692,0.36,0.04,9.37
2748,48708,0.15,0.08,9.46
2749,48725,0.23,0.08,9.62
2750,48741,0.25,0.19,9.04
2751,48758,0.19,0.11,9.54
2752,48774,0.23,0.08,9.41
2753,48790,0.19,0.13,9.6
2754,48807,0.38,0.04,9.58
2755,48823,0.13,0.06,9.79
2756,48840,0.17,0.1,9.64
2757,48856,0.17,-0.02,9.94
2758,48877,0.15,0.19,9.23
2759,48893,0.23,0.11,9.5
2760,48910,0.11,-0.23,9.79
2761,48926,0.08,0.08,9.75
2762,48942,0.15,0.04,9.67
2763,48959,0.17,0.13,9.46
2764,48975,0.21,-0.08,9.98
2765,48992,0.17,0.04,9.92
2766,49012,0.19,0.06,9.43
2767,49029,0.25,0.11,9.45
2768,49045,0.38,0.0,9.58
2769,49062,0.31,0.06,9.29
2770,49077,0.1,0.04,9.5
2771,49093,0.31,-0.04,9.98
2772,49110,0.15,0.02,9.85
2773,49126,0.21,0.1,9.58
2774,49143,0.13,0.08,9.14
2775,49159,0.1,0.02,9.41
2776,49176,0.06,0.0,9.92
2777,49196,0.21,-0.04,9.89
2778,49212,0.08,0.15,9.54
2779,49229,0.19,0.04,9.6
2780,49245,0.21,0.04,9.71
2781,49262,0.25,0.08,9.67
2782,49278,0.17,0.1,9.31
2783,49295,0.23,0.08,9.52
2784,49311,0.13,0.13,9.54
2785,49327,-0.13,0.13,9.85
2786,49348,-0.02,0.08,9.83
2787,49364,0.21,0.0,9.64
2788,49381,0.13,0.1,9.16
2789,49397,0.33,0.1,9.6
2790,49414,0.13,0.02,9.66
2791,49430,0.19,0.1,9.71
2792,49446,0.21,0.06,9.71
2793,49462,0.38,0.02,9.22
2794,49478,0.13,0.1,9.46
2795,49495,0.11,0.13,9.6
2796,49511,0.27,0.06,9.71
2797,49532,0.1,0.1,10.08
2798,49548,0.15,0.04,9.5
2799,49565,0.15,0.04,9.67
2800,49581,0.29,0.06,9.62
2801,49597,0.08,0.04,9.37
2802,49614,0.29,0.06,9.22
2803,49630,0.25,0.08,9.62
2804,49647,0.21,0.06,9.5
2805,49663,0.19,0.02,9.6
2806,49680,0.19,0.06,9.31
2807,49696,0.08,0.08,9.67
2808,49712,0.11,0.08,9.45
2809,49733,0.17,0.08,9.43
2810,49749,0.27,0.11,9.52
2811,49766,0.19,0.19,9.46
2812,49782,0.29,0.02,9.45
2813,49799,0.13,0.04,9.66
2814,49814,-0.11,0.19,9.83
2815,49831,0.13,0.1,10.04
2816,49847,0.04,0.11,9.66
2817,49868,0.42,0.0,9.83
2818,49884,0.23,0.15,9.54
2819,49900,0.17,0.08,9.43
2820,49917,0.17,0.0,10.06
2821,49933,0.11,0.04,9.9
2822,49950,0.33,0.1,9.69
2823,49966,0.17,0.06,9.66
2824,49983,0.17,0.06,9.54
2825,50003,0.1,-0.02,9.54
2826,50019,0.17,0.0,9.41
2827,50036,0.19,0.1,9.69
2828,50052,0.19,0.11,9.29
2829,50069,0.11,0.02,9.35
2830,50085,0.25,0.1,9.75
2831,50102,0.13,0.08,9.29
2832,50118,0.19,0.13,9.43
2833,50134,0.11,0.08,9.96
2834,50151,0.15,0.15,9.62
2835,50167,0.17,0.06,9.6
2836,50184,0.19,0.04,9.6
2837,50203,0.04,0.02,10.12
2838,50220,0.29,0.1,9.48
2839,50236,0.19,0.1,9.52
2840,50253,0.29,0.02,9.67
2841,50269,0.21,0.0,9.92
2842,50285,0.17,0.06,9.54
2843,50302,0.17,0.11,9.58
2844,50318,0.23,0.19,9.31
2845,50335,0.17,0.02,9.9
2846,50351,0.21,0.1,9.58
2847,50368,0.17,0.02,9.94
2848,50384,0.13,0.13,9.45
2849,50400,0.13,0.04,9.75
2850,50417,0.25,0.04,9.43
2851,50433,0.21,0.08,9.27
2852,50450,0.17,0.06,9.6
2853,50470,0.17,0.04,9.89
2854,50487,0.36,0.13,9.23
2855,50503,0.19,-0.04,9.77
2856,50519,0.17,0.08,9.41
2857,50536,0.19,0.13,9.16
2858,50552,0.29,0.0,9.75
2859,50568,0.17,0.04,9.79
2860,50584,-0.15,0.11,9.73
2861,50605,0.06,0.21,9.5
2862,50621,0.19,0.02,9.64
2863,50638,0.19,0.13,9.92
2864,50654,0.1,0.1,9.92
2865,50671,0.17,0.02,9.43
2866,50687,0.21,0.08,9.39
2867,50703,0.21,0.08,9.31
2868,50720,0.17,0.21,9.46
2869,50736,0.21,0.1,9.41
2870,50753,0.13,0.13,9.58
2871,50769,0.19,0.02,9.98
2872,50785,0.19,0.1,9.56
2873,50806,-0.02,0.13,9.77
2874,50822,0.0,0.15,9.43
2875,50839,0.34,0.02,9.96
2876,50855,0.19,0.1,9.71
2877,50872,0.11,0.06,9.29
2878,50888,0.02,0.1,9.5
2879,50905,0.31,0.15,9.23
2880,50921,0.15,0.06,9.56
2881,50936,0.29,0.04,9.04
2882,50953,0.23,0.04,9.54
2883,50969,0.21,0.1,9.58
2884,50986,0.17,0.02,9.39
2885,51002,0.19,0.06,9.73
2886,51019,0.21,0.13,9.43
2887,51035,0.13,0.13,9.45
2888,51051,0.06,0.1,9.83
2889,51072,0.04,-0.04,9.77
2890,51088,0.15,0.13,9.5
2891,51105,0.17,0.1,9.58
2892,51121,0.34,-0.02,9.87
2893,51138,0.15,0.08,9.69
2894,51154,0.06,0.21,9.08
2895,51171,0.0,0.15,9.39
2896,51187,0.21,0.08,9.6
2897,51207,0.06,0.06,9.89
2898,51224,0.08,0.08,9.45
2899,51240,0.17,0.1,9.6
2900,51257,0.29,0.1,9.27
2901,51273,0.0,0.1,10.23
2902,51290,0.0,0.1,9.71
2903,51306,0.33,0.11,9.75
2904,51322,0.19,0.11,9.48
2905,51338,0.21,0.04,9.98
2906,51354,0.29,0.04,9.75
2907,51371,0.17,0.08,9.27
2908,51387,0.23,0.15,9.27
2909,51408,0.25,0.06,9.54
2910,51424,0.15,-0.27,9.6
2911,51441,0.11,0.0,9.62
2912,51457,0.21,0.06,9.66
2913,51473,0.17,0.08,9.39
2914,51490,0.17,0.1,9.75
2915,51506,0.17,0.08,9.62
2916,51523,0.11,0.15,9.67
2917,51539,0.06,0.1,9.67
2918,51556,0.15,0.06,9.25
2919,51572,0.21,0.04,9.35
2920,51588,0.02,0.04,9.9
2921,51609,0.17,0.17,9.35
2922,51625,0.19,0.11,9.48
2923,51642,0.42,0.0,9.45
2924,51658,0.19,0.04,9.27
2925,51675,0.19,0.04,9.56
2926,51690,0.02,0.15,9.79
2927,51706,0.11,0.1,9.56
2928,51723,0.15,0.1,9.62
2929,51739,0.25,0.0,9.89
2930,51756,0.36,0.02,9.56
2931,51772,0.11,0.06,9.25
2932,51789,0.11,0.08,9.41
2933,51805,0.1,0.04,9.69
2934,51822,0.15,0.02,9.54
2935,51838,0.17,0.06,9.67
2936,51858,0.1,-0.04,9.98
2937,51875,0.36,0.08,9.41
2938,51891,0.1,0.15,9.18
2939,51908,0.21,0.08,9.66
2940,51924,0.17,0.0,9.75
2941,51941,0.19,0.02,9.64
2942,51957,0.19,0.0,9.71
2943,51973,0.11,0.04,9.75
2944,51990,0.1,0.11,9.85
2945,52006,0.11,0.15,9.54
2946,52023,0.15,0.11,9.6
2947,52039,0.08,0.02,9.9
2948,52056,0.25,0.04,9.77
2949,52075,0.17,0.1,9.31
2950,52092,0.25,0.08,9.46
2951,52108,0.19,0.08,9.37
2952,52124,0.21,0.13,9.5
2953,52141,0.25,0.06,9.6
2954,52157,0.21,0.21,9.12
2955,52174,0.11,0.02,9.48
2956,52190,0.17,0.1,9.62
2957,52207,0.23,0.1,9.16
2958,52223,0.25,0.02,9.62
2959,52239,0.15,0.1,9.6
2960,52256,0.17,0.11,9.98
2961,52272,0.15,0.11,9.69
2962,52289,0.19,0.08,9.66
2963,52305,0.17,0.1,9.46
2964,52322,0.11,0.1,9.27
2965,52342,0.1,0.04,9.52
2966,52358,0.19,0.0,9.66
2967,52375,0.1,-0.02,9.77
2968,52391,0.15,0.04,9.98
2969,52408,0.15,0.04,9.56
2970,52424,0.19,0.1,9.25
2971,52440,0.21,0.08,9.54
2972,52456,0.4,-0.02,9.37
2973,52477,0.1,0.1,9.85
2974,52493,0.02,0.04,9.87
2975,52509,0.13,0.04,9.6
2976,52526,0.0,0.19,9.43
2977,52542,0.1,0.11,9.56
2978,52559,0.15,0.08,9.79
2979,52575,0.38,0.02,9.66
2980,52592,0.15,0.13,9.39
2981,52608,0.23,0.17,9.48
2982,52624,0.13,0.08,9.5
2983,52641,0.25,0.17,9.12
2984,52657,0.29,0.08,9.41
2985,52674,0.15,0.06,9.58
2986,52694,0.42,-0.06,9.46
2987,52711,0.17,0.1,9.5
2988,52727,-0.04,0.06,9.9
2989,52743,0.19,0.13,9.56
2990,52760,0.11,0.04,10.02
2991,52776,0.1,0.1,9.89
2992,52797,0.23,0.08,10.17
2993,52812,0.23,0.06,9.58
2994,52829,0.08,0.04,9.62
2995,52845,0.27,0.0,9.94
2996,52862,0.17,0.02,9.87
2997,52878,0.13,0.13,9.67
2998,52894,0.13,-0.02,9.73
2999,52911,0.19,0.06,9.37
3000,52931,0.0,0.04,9.35
3001,52948,0.15,0.06,9.9
3002,52964,0.27,0.06,9.5
